id	t	x	y	z
130	48	51.0653	35.2017	-6416.73
130	72	50.9065	35.2114	-6417.74
130	96	51.7362	36.3151	-6415.64
130	120	50.9268	34.3161	-6417.81
130	144	51.7002	34.5643	-6418.24
130	168	50.7196	32.2096	-6420.58
130	192	55.9344	30.3018	-6421.2
130	216	57.1386	28.6821	-6422.98
130	240	56.6588	29.1426	-6422.85
130	264	56.9579	28.1951	-6422.53
130	288	59.6314	26.6376	-6426.03
130	312	62.4808	25.1831	-6425.45
130	336	66.1407	26.6182	-6423.25
130	360	66.3288	24.9956	-6422.2
130	384	68.4607	25.1784	-6422.38
130	408	73.2853	28.1319	-6422
130	432	74.1139	28.8805	-6421.28
130	456	75.8299	29.3007	-6419.53
130	480	78.8658	29.6787	-6418.96
130	504	81.1746	29.4853	-6414.81
130	528	82.8544	28.8962	-6412.73
130	552	82.3887	27.5702	-6412.83
130	576	81.9119	27.9159	-6410.76
130	600	79.1723	27.8966	-6408.17
210	48	175.313	87.4449	-6429.77
210	72	178.118	86.3865	-6429.35
210	96	179.608	83.2831	-6428.89
210	120	178.989	83.086	-6430.7
210	144	182.446	85.1646	-6432.58
210	168	184.506	87.0774	-6431.54
210	192	184.119	87.6507	-6432.06
210	216	184.368	87.3894	-6431.04
210	240	185.103	87.0203	-6429.2
210	264	187.613	87.6648	-6427.9
210	288	188.143	87.1757	-6426.95
210	312	186.578	87.5191	-6426.21
210	336	185.856	88.1204	-6423.57
210	360	186.139	88.7291	-6424.13
210	384	184.517	90.0062	-6423.48
210	408	183.155	90.972	-6421.86
210	432	183.385	90.6788	-6422.44
210	456	183	92.565	-6422.01
210	480	179.805	96.59	-6418.87
210	504	179.064	98.494	-6418.33
210	528	180.113	98.9277	-6420.48
210	552	179.723	99.4407	-6419.88
210	576	179.792	100.01	-6421.14
210	600	180.15	99.6293	-6423.15
210	624	180.583	99.9545	-6425.65
210	648	176.426	100.341	-6428.56
210	672	175.698	101.476	-6428.62
210	696	173.687	103.474	-6428.64
210	720	169.243	103.709	-6430.05
210	744	166.752	103.882	-6429.33
210	768	163.861	103.633	-6430.2
210	792	158.995	104.943	-6430.77
210	816	156.286	105.647	-6431.18
210	840	155.453	107.852	-6433.56
210	864	154.429	109.069	-6432.65
210	888	154.233	109.037	-6433.87
210	912	152.421	109.273	-6437.96
210	936	150.942	110.18	-6441.29
210	960	150.224	109.115	-6441.29
217	24	184.916	43.5555	-6430.12
217	48	184.74	42.7452	-6430.56
217	72	185.515	42.7734	-6431
217	96	185.19	44.6357	-6432.03
217	120	185.37	44.2265	-6430.47
217	144	186.487	43.8761	-6429.91
217	168	187.123	43.3363	-6431.22
217	192	186.95	43.6159	-6431.2
217	216	186.312	44.0557	-6432.71
217	240	186.09	44.3664	-6432.06
217	264	186.253	44.3472	-6431.63
217	288	187.388	43.3264	-6433
217	312	186.958	43.3173	-6433.53
217	336	187.344	42.3866	-6434.76
217	360	186.854	40.4424	-6441.29
217	384	186.874	39.4788	-6438.92
217	408	186.843	39.0561	-6439.81
217	432	186.813	38.9691	-6439.99
217	456	187.515	38.7294	-6437.91
217	480	187.653	38.8852	-6436.21
217	504	187.573	38.3362	-6437.9
217	528	187.887	38.8757	-6436.85
217	552	188.51	38.5825	-6438.23
217	576	188.451	38.3305	-6436.71
217	600	188.81	38.165	-6435.56
217	624	188.555	39.1066	-6435.33
217	648	188.647	40.255	-6437.64
217	672	189.139	41.3301	-6439.29
217	696	188.656	40.9937	-6436.39
217	720	188.911	40.2754	-6438.1
217	744	188.652	40.2426	-6438.19
217	768	187.921	41.3117	-6435.5
217	792	188.659	41.9338	-6435.43
217	816	188.781	40.9232	-6436.69
217	840	188.345	40.8399	-6437.19
217	864	188.398	41.7848	-6439.16
217	888	189.069	41.8815	-6441.29
217	912	187.361	41.4518	-6441.29
217	936	187.105	40.9924	-6441.29
217	960	187.714	39.4995	-6441.29
222	24	125.743	82.8177	-6430.1
222	48	125.436	82.1146	-6430.23
222	72	125.806	82.277	-6428.75
222	96	128.534	81.9319	-6428.77
222	120	130.747	81.6768	-6429.06
222	144	132.921	79.609	-6427.48
222	168	133.902	80.119	-6427.27
222	192	136.658	78.4207	-6426.71
222	216	136.435	76.1295	-6426.4
222	240	136.293	74.5635	-6426.56
222	264	136.869	74.0194	-6425.33
222	288	137.554	73.1975	-6424.72
222	312	138.762	74.8801	-6422.5
222	336	140.276	77.5402	-6418.99
222	360	139.964	80.2176	-6416.64
222	384	140.701	81.9652	-6413.88
222	408	140.597	82.1919	-6412.32
222	432	139.272	80.9949	-6409.46
222	456	137.022	81.7607	-6409.8
222	480	137.099	82.0253	-6411.15
222	504	135.595	80.3277	-6411.14
222	528	134.783	79.9471	-6411.96
222	552	133.453	79.4331	-6411.62
222	576	130.253	80.2741	-6410.7
222	600	130.402	80.982	-6411.28
222	624	130.794	81.5248	-6411.47
222	648	132.224	81.9917	-6411.21
222	672	133.334	81.3736	-6411.27
222	696	134.62	81.1395	-6407.62
222	720	135.096	81.1371	-6404.43
222	744	135.498	81.1587	-6402.31
222	768	135.991	83.5309	-6400.58
222	792	135.683	83.4998	-6401.84
222	816	137.094	84.5384	-6403.21
222	840	138.07	84.2674	-6403.12
222	864	139.634	83.6599	-6403.33
222	888	140.474	83.0767	-6403.33
222	912	139.8	83.9555	-6402.71
222	936	135.295	88.2379	-6406.02
222	960	132.23	89.6337	-6405.48
241	24	159.494	46.2476	-6421.43
241	48	158.44	47.1134	-6420.11
241	72	157.308	45.7396	-6418.37
241	96	156.61	45.2794	-6415.69
241	120	156.558	44.9788	-6416.16
241	144	157.909	45.4886	-6417.08
241	168	159.848	45.4095	-6416.05
241	192	162.049	44.6336	-6416.05
241	216	165.888	46.6069	-6414.87
241	240	168.752	48.2463	-6414.18
241	264	170.095	49.5356	-6415.31
241	288	170.416	50.9028	-6416.26
241	312	171.707	51.4062	-6415.51
241	336	173.184	52.6452	-6415.61
241	360	173.717	52.4165	-6414.89
241	384	176.833	50.6362	-6413.6
241	408	177.069	48.0607	-6415.49
241	432	177.119	47.4932	-6413.33
241	456	177.754	47.7526	-6411.73
241	480	177.463	48.1919	-6411.84
241	504	179.203	45.0671	-6413.21
241	528	179.015	46.0776	-6411.4
241	552	178.718	46.4971	-6414.57
241	576	178.438	48.693600000000004	-6415.31
241	600	178.357	49.6709	-6415.4
241	624	177.37	51.7474	-6411.88
241	648	172.542	50.8672	-6411.79
241	672	172.237	52.2304	-6409.7
241	696	170.759	51.6112	-6412.77
241	720	168.554	51.9194	-6409.38
241	744	168.717	52.1842	-6407.85
241	768	169.659	52.2175	-6406.96
241	792	168.692	49.0739	-6405.34
241	816	167.816	47.7227	-6405.26
241	840	166.779	47.3679	-6404.68
241	864	167.92	46.5484	-6405.94
241	888	170.485	44.1024	-6403.45
241	912	171.28	42.5064	-6399.82
241	936	173.355	41.3366	-6399.16
241	960	175.406	40.2472	-6397.14
469	24	84.8944	196.712	-6441.29
469	48	84.101	195.836	-6441.29
469	72	83.6928	194.495	-6441.29
469	96	84.1001	193.14	-6441.29
469	120	84.3189	190.684	-6441.29
469	144	84.1186	188.071	-6441.29
469	168	82.823	186.141	-6441.29
469	192	83.2668	185.82	-6441.29
469	216	81.2718	187.75	-6441.29
469	240	82.4644	188.002	-6441.29
469	264	82.228	189.1	-6441.29
469	288	82.6932	189.783	-6441.29
469	312	82.8615	190.889	-6441.29
469	336	81.5632	191.62	-6441.29
469	360	80.0299	192.915	-6441.29
469	384	78.7755	193.663	-6441.29
469	408	77.7725	193.524	-6441.29
469	432	78.737	194.486	-6441.29
469	456	78.3386	193.719	-6441.29
469	480	77.7259	193.861	-6441.29
469	504	78.4173	194.076	-6441.29
469	528	81.0755	194.429	-6441.29
469	552	81.0358	194.732	-6441.29
469	576	81.6984	195.123	-6441.29
469	600	82.785	194.779	-6441.29
469	624	83.4586	193.055	-6441.29
469	648	84.6629	192.848	-6441.29
469	672	86.6354	192.168	-6441.29
469	696	88.1433	190.584	-6441.29
469	720	87.936	191.288	-6441.29
469	744	88.625	191.679	-6441.29
469	768	90.5568	191.62	-6441.29
469	792	90.7682	191.759	-6441.29
469	816	90.8951	191.311	-6441.29
469	840	92.1107	191.447	-6441.29
469	864	94.245	192.177	-6441.29
469	888	95.395	194.608	-6441.29
469	912	95.7095	195.184	-6441.29
469	936	94.6194	194.962	-6433.78
469	960	94.1268	194.948	-6432.96
505	24	141.375	116.97	-6441.29
505	48	142.333	115.493	-6441.29
505	72	142.955	115.6	-6441.29
505	96	143.45	114.567	-6441.29
505	120	143.02	115.314	-6441.29
505	144	143.956	115.487	-6441.29
505	168	143.687	113.151	-6441.29
505	192	144.168	113.936	-6441.29
505	216	144.163	114.97	-6441.29
505	240	143.264	113.865	-6441.29
505	264	144.797	114.58	-6441.29
505	288	145.091	113.243	-6441.29
505	312	142.182	113.419	-6441.29
505	336	142.328	113.382	-6441.29
505	360	143.413	113.151	-6441.29
505	384	144.415	112.318	-6441.29
505	408	142.049	111.377	-6441.29
505	432	140.725	110.439	-6441.29
505	456	142.072	110.295	-6441.29
505	480	144.113	111.636	-6441.29
505	504	145.735	112.697	-6441.29
505	528	145.758	111.644	-6441.29
505	552	145.739	111.845	-6441.29
505	576	145.1	111.454	-6441.29
505	600	147.2	114.157	-6441.29
513	24	142.172	141.958	-6441.29
513	48	143.106	142.259	-6441.29
513	72	143.511	141.703	-6441.29
513	96	143.682	141.031	-6441.29
513	120	144.895	141.262	-6441.29
513	144	145.109	141.252	-6441.29
513	168	143.723	140.748	-6441.29
513	192	145.082	140.36	-6441.29
513	216	145.093	141.105	-6441.29
513	240	145.03	141.23	-6441.29
513	264	145.303	141.3	-6441.29
513	288	145.932	141.887	-6441.29
515	24	173.36	145.853	-6441.29
515	48	172.457	145.444	-6441.29
515	72	171.809	146	-6441.29
515	96	170.866	148.683	-6441.29
515	120	171.862	149.635	-6441.29
515	144	172.295	148.922	-6441.29
515	168	172.549	149.045	-6441.29
515	192	173.288	149.538	-6441.29
515	216	173.315	149.921	-6441.29
515	240	173.306	149.543	-6441.29
515	264	172.341	148.169	-6441.29
515	288	173.4	148.466	-6441.29
515	312	173.938	148.901	-6441.29
515	336	173.595	149.788	-6441.29
515	360	172.929	150.045	-6441.29
515	384	174.101	149.225	-6441.29
515	408	175.606	147.688	-6441.29
515	432	175.125	147.311	-6441.29
515	456	177.496	147.255	-6441.29
515	480	176.967	146.476	-6441.29
515	504	179.726	145.345	-6441.29
515	528	179.311	144.785	-6441.29
515	552	178.853	145.132	-6441.29
515	576	177.389	145.14	-6441.29
515	600	179.713	145.23	-6437.95
515	624	183.152	143.633	-6441.29
515	648	180.361	145.33	-6441.29
515	672	183.811	140.832	-6441.29
515	696	182.846	139.563	-6441.29
515	720	183.58	138.703	-6441.29
515	744	182.867	138.687	-6441.29
515	768	184.167	138.257	-6441.29
515	792	182.572	138.942	-6441.29
515	816	182.516	137.667	-6441.29
515	840	182.518	136.057	-6441.29
515	864	181.686	136.519	-6441.29
515	888	183.462	136.839	-6441.29
515	912	181.292	137.598	-6441.29
515	936	184.146	137.232	-6441.29
551	24	164.123	120.077	-6422.57
551	48	164.11	120.424	-6422.41
551	72	160.396	117.905	-6424.08
551	96	160.75	116.764	-6425.15
551	120	159.664	116.15	-6423.21
551	144	158.238	116.566	-6423.29
551	168	157.534	118.887	-6421.88
551	192	155.858	119.722	-6420.76
551	216	154.704	119.294	-6420.4
551	240	154.765	119.123	-6419.23
551	264	152.632	118.312	-6417.76
551	288	151.02	118.507	-6418.36
551	312	149.014	117.592	-6419.6
551	336	148.884	118.082	-6421.27
551	360	148.433	119.648	-6422.25
551	384	146.856	120.291	-6422.59
551	408	144.978	121.154	-6422.37
551	432	145.093	122.5	-6423.27
551	456	147.18	123.471	-6424.93
551	480	148.756	125.023	-6423.46
551	504	149.173	126.347	-6424.36
551	528	149.547	127.681	-6423.3
551	552	151.403	128.58	-6424.64
551	576	151.327	129.865	-6424.85
551	600	152.289	131.172	-6426.29
551	624	152.143	132.363	-6426.68
551	648	153.585	133.044	-6427.44
551	672	154.229	132.878	-6427.97
551	696	152.612	133.881	-6428.39
551	720	152.732	134.748	-6427.9
551	744	152.487	133.958	-6427.21
551	768	152.686	134.152	-6427.12
551	792	152.31	132.571	-6425.94
551	816	152.564	131.508	-6425.67
551	840	153.312	133.544	-6425
551	864	155.304	135.351	-6421.47
551	888	158.377	136.027	-6420.12
551	912	158.563	136.922	-6419.6
551	936	156.65	136.67	-6420.62
551	960	157.426	136.91	-6421.63
553	24	114.323	171.108	-6424.07
553	48	114.758	169.478	-6423.02
553	72	114.538	169.892	-6420.87
553	96	114.406	170.388	-6420.87
553	120	113.236	171.311	-6419.56
553	144	110.825	171.05	-6417.56
553	168	110.779	169.692	-6414.88
553	192	110.227	168.871	-6415.34
553	216	110.475	168.388	-6414.36
553	240	110.81	167.837	-6414.91
553	264	111.409	168.831	-6414.65
553	288	111.374	168.031	-6413.55
553	312	110.718	166.994	-6413.61
553	336	109.266	166.07	-6411.5
553	360	108.552	165.98	-6411.05
553	384	109.09	166.29	-6410.9
553	408	108.905	166.829	-6409.86
553	432	108.543	168.16	-6410.29
553	456	108.597	167.153	-6412
553	480	110.017	166.622	-6409.65
553	504	111.465	165.24	-6408.93
555	24	193.571	194.343	-6424.12
555	48	191.719	192.341	-6424.42
555	72	190.226	191.718	-6423.88
555	96	188.652	191.523	-6424.86
555	120	183.545	191.812	-6424.1
555	144	181.509	192.267	-6425.05
555	168	180.719	192.451	-6424.69
555	192	178.817	195.595	-6425
555	216	177.638	197.901	-6423.53
555	240	177.365	200.528	-6423.67
555	264	176.696	202.121	-6424.29
555	288	176.445	203.726	-6422.47
555	312	177.776	205.39	-6423.29
555	336	177.83	206.853	-6424.83
555	360	177.225	208.691	-6424.82
555	384	176.477	208.36	-6426.27
555	408	176.631	209.308	-6427.89
555	432	180.908	207.725	-6429.57
555	456	182.694	207.534	-6429.59
555	480	184.457	206.2	-6430.88
555	504	185.954	205.617	-6432.23
555	528	186.915	208.318	-6434.38
555	552	186.709	210.31	-6441.29
555	576	186.769	210.233	-6441.29
555	600	186.747	210.634	-6441.29
555	624	186.458	210.479	-6441.29
555	648	185.511	210.88	-6441.29
555	672	188.071	211.588	-6441.29
555	696	191.498	211.267	-6441.29
561	24	163.525	179.544	-6420.67
561	48	163.643	179.979	-6420.93
561	72	164.916	177.952	-6420.58
561	96	165.65	175.854	-6418.55
561	120	166.646	173.776	-6418.05
561	144	166.501	173.51	-6418.46
561	168	166.205	173.82	-6419.07
561	192	165.974	173.997	-6418.86
561	216	166.094	174.147	-6417.47
561	240	165.983	174.462	-6417.59
561	264	165.669	174.3	-6417.94
561	288	165.518	174.58	-6418.65
561	312	164.93	174.289	-6418.16
561	336	163.917	174.943	-6417.34
561	360	162.633	175.61	-6417.94
561	384	162.004	176.127	-6417.82
561	408	164.683	177.269	-6418.65
561	432	166.1	180.703	-6417.6
561	456	166.25	183.475	-6416.45
561	480	166.472	184.293	-6415.73
561	504	166.849	184.352	-6415.62
561	528	167.351	185.018	-6416.13
561	552	167.333	185.88	-6415.08
561	576	166.731	185.857	-6413.68
561	600	166.347	185.488	-6413.77
561	624	166.157	185.175	-6414.1
561	648	166.019	185.548	-6414.28
561	672	165.256	185.067	-6413.72
561	696	164.005	185.907	-6414.18
561	720	162.925	186.544	-6414.47
561	744	163.734	187.031	-6416.07
561	768	164.687	186.783	-6416.39
561	792	165.287	186.945	-6416
561	816	165.242	186.226	-6415.48
561	840	165.685	185.675	-6414.58
561	864	167.402	185.722	-6415.29
561	888	168.02	186.601	-6415.26
561	912	168.147	187.887	-6415.31
561	936	168.802	187.742	-6415.01
561	960	170.167	187.811	-6415.97
564	24	115.451	138.369	-6420.23
564	48	116.051	138.833	-6421.67
564	72	117.03	139.32	-6424.05
564	96	117.226	140.682	-6426.37
564	120	119.856	141.443	-6428.45
564	144	122.3	141.322	-6429.89
564	168	125.145	144.013	-6429.76
564	192	126.897	145.654	-6431.24
564	216	129.336	145.62	-6432.41
564	240	129.369	146.5	-6433.56
564	264	131.797	141.97	-6436.07
564	288	134.974	140.464	-6436.19
564	312	136.585	141.271	-6441.29
564	336	140.742	141.142	-6441.29
564	360	143.74	141.492	-6441.29
564	384	145.291	140.284	-6441.29
564	408	146.159	140.175	-6441.29
564	432	148.458	140.266	-6441.29
564	456	149.25	141.895	-6441.29
564	480	150.703	141.926	-6441.29
564	504	153.022	144.505	-6441.29
564	528	153.869	143.844	-6441.29
564	552	155.914	148.073	-6441.29
564	576	156.389	149.354	-6441.29
564	600	156.087	151.519	-6441.29
564	624	156.457	150.13	-6441.29
564	648	158.226	150.022	-6441.29
564	672	158.455	148.619	-6441.29
564	696	158.113	148.107	-6441.29
564	720	158.337	146.204	-6441.29
564	744	155.764	147.32	-6441.29
564	768	155.026	147.95	-6441.29
564	792	156.749	149.221	-6441.29
564	816	157.255	150.242	-6441.29
564	840	157.048	149.482	-6441.29
564	864	157.21	148.675	-6441.29
564	888	159.669	145.27	-6441.29
564	912	159.247	145.638	-6441.29
564	936	161.852	142.556	-6441.29
564	960	161.118	139.433	-6441.29
565	24	155.485	164.864	-6418.57
565	48	155.615	165.361	-6420.3
565	72	151.986	168.437	-6421.24
565	96	149.888	169.353	-6422.14
565	120	149.171	170.919	-6422.88
565	144	147.588	171.511	-6423.97
565	168	147.123	171.147	-6425.04
565	192	146.184	172.652	-6424.06
565	216	144.137	174.652	-6423.69
565	240	143.045	177.293	-6423.19
565	264	140.763	178.704	-6422.64
565	288	138.189	179.173	-6423.82
565	312	136.225	178.896	-6424.41
565	336	133.268	176.46	-6426.21
565	360	132.496	175.606	-6424.93
565	384	131.15	175.716	-6423.43
565	408	130.227	174.888	-6423.33
565	432	129.398	174.948	-6420.07
565	456	126.439	176.06	-6420
565	480	126.013	177.912	-6419.58
565	504	124.037	175.484	-6418.52
565	528	123.349	173.873	-6417.93
565	552	123.594	173.813	-6417.64
565	576	124.973	174.671	-6417.67
565	600	127.461	174.784	-6415.49
565	624	129.549	173.298	-6414.24
565	648	130.656	172.348	-6413.73
565	672	132.86	173.024	-6411.04
565	696	135.474	173.2	-6411.67
565	720	135.521	175.575	-6410.47
565	744	135.563	174.663	-6407.76
565	768	137.43	172.979	-6406.11
565	792	138.013	171.174	-6404.79
565	816	137.405	171.252	-6402.59
565	840	138.768	172.019	-6402.09
565	864	141.361	172.539	-6403.22
565	888	141.994	172.313	-6403.68
565	912	141.531	171.832	-6404.9
565	936	142.308	171.443	-6407.25
565	960	142.869	171.902	-6409.38
569	24	176.845	147.362	-6416.46
569	48	181.367	147.883	-6415.86
569	72	181.947	150.948	-6414.66
569	96	182.706	153.752	-6413.82
569	120	183.285	155.529	-6412.18
569	144	182.538	158.33	-6411.58
569	168	182.338	158.708	-6413.83
569	192	181.442	160.462	-6415.44
569	216	182.554	162.304	-6415.24
569	240	182.322	162.41	-6414.34
569	264	182.705	163.663	-6416.64
569	288	184.709	164.211	-6418.35
569	312	187.954	164.79	-6418.83
569	336	188.905	163.741	-6419.15
569	360	191.929	163.808	-6423.31
569	384	193.087	166.139	-6424.39
569	408	195.428	170.481	-6426.19
569	432	195.64	170.29	-6427.53
569	456	197.686	171.444	-6428.55
569	480	199.512	173.039	-6428.4
569	504	201.551	173.612	-6427.43
569	528	204.037	174.031	-6426.88
569	552	204.531	175.937	-6427.02
569	576	206.686	177.804	-6424.92
569	600	210.862	179.777	-6422.34
569	624	212.863	181.533	-6422.65
569	648	213.464	180.708	-6422.42
569	672	212.649	181.372	-6421.38
569	696	214.956	179.623	-6422.57
569	720	215.543	179.479	-6423.03
569	744	216.805	178.621	-6425.97
569	768	217.528	177.562	-6427.6
569	792	215.455	172.839	-6429.37
569	816	214.24	171.163	-6429.1
569	840	211.913	169.789	-6431.59
569	864	211.623	170.471	-6433.34
569	888	212.608	172.333	-6435.2
569	912	209.748	171.82	-6434.88
569	936	207.802	170.026	-6433.77
569	960	207.263	167.702	-6432.97
595	24	210.592	178.423	-6441.29
595	48	210.423	178.135	-6441.29
595	72	214.543	176.81	-6441.29
595	96	214.025	175.722	-6441.29
595	120	213.378	175.709	-6441.29
595	144	213.898	174.196	-6441.29
595	168	214.72	173.446	-6441.29
595	192	214.083	172.37	-6441.29
595	216	213.116	173.709	-6441.29
595	240	212.164	174.188	-6441.29
595	264	212.068	174.014	-6441.29
595	288	212.187	173.813	-6441.29
595	312	212.48	175.704	-6441.29
595	336	212.588	175.281	-6441.29
595	360	211.429	177.361	-6441.29
595	384	211.77	177.835	-6441.29
595	408	211.934	177.849	-6441.29
595	432	211.96	176.385	-6441.29
595	456	211.892	174.663	-6441.29
595	480	211.867	173.958	-6441.29
595	504	212.76	173.965	-6441.29
595	528	212.966	173.424	-6441.29
595	552	213.617	173.632	-6441.29
595	576	213.251	175.004	-6441.29
595	600	214.134	175.935	-6441.29
595	624	214.642	175.638	-6441.29
595	648	216.025	175.675	-6441.29
595	672	217.538	173.782	-6441.29
595	696	218.017	173.186	-6441.29
595	720	218.809	173.719	-6441.29
595	744	218.941	174.816	-6441.29
595	768	218.678	175.721	-6441.29
595	792	218.871	175.006	-6441.29
595	816	218.426	174.658	-6441.29
595	840	218.031	174.718	-6441.29
595	864	217.197	173.371	-6441.29
595	888	217.673	173.538	-6441.29
595	912	217.301	174.966	-6441.29
595	936	217.15	174.354	-6441.29
595	960	218.581	174.656	-6441.29
603	24	217.08	194.461	-6441.29
603	48	216.468	193.229	-6441.29
603	72	215.844	192.065	-6441.29
603	96	217.285	190.823	-6441.29
603	120	218.957	190.533	-6441.29
603	144	218.49	190.506	-6441.29
603	168	219.945	190.475	-6441.29
603	192	220.118	189.132	-6441.29
603	216	221.421	188.504	-6441.29
603	240	221.743	187.914	-6441.29
603	264	220.856	189.763	-6441.29
603	288	222.896	191.197	-6441.29
603	312	223.427	192.761	-6441.29
603	336	224.526	193.474	-6441.29
603	360	223.405	193.762	-6441.29
603	384	225.002	193.541	-6441.29
603	408	225.477	193.573	-6441.29
603	432	227.656	192.522	-6441.29
603	456	227.624	192.515	-6441.29
603	480	227.738	192.495	-6441.29
603	504	226.796	192.017	-6441.29
603	528	225.478	190.98	-6441.29
603	552	226.625	190.725	-6441.29
603	576	226.817	190.63	-6441.29
603	600	227.33	191.08	-6441.29
603	624	227.395	189.551	-6441.29
603	648	229.49	187.701	-6441.29
603	672	229.641	188.202	-6441.29
603	696	230.971	188.364	-6441.29
603	720	231.243	188.329	-6441.29
603	744	232.139	188.261	-6441.29
603	768	232.859	188.468	-6441.29
603	792	232.85	189.308	-6439.76
603	816	232.918	190.427	-6441.29
603	840	232.797	191.054	-6441.29
603	864	233.934	190.926	-6441.29
603	888	234.176	191.151	-6441.29
603	912	234.338	190.577	-6441.29
603	936	234.855	189.902	-6441.29
603	960	235.343	189.952	-6441.29
725	24	48.0366	232.075	-6436.92
725	48	47.8952	229.404	-6441.29
725	72	47.885	227.258	-6441.29
725	96	46.7904	225.499	-6441.29
725	120	45.8731	225.184	-6441.29
725	144	45.7972	224.124	-6441.29
725	168	46.8328	226.76	-6441.29
725	192	44.8381	229.738	-6441.29
725	216	42.1345	229.929	-6441.29
725	240	39.8229	229.253	-6441.29
725	264	38.9875	229.202	-6441.29
731	24	66.5679	298.1	-6424.69
731	48	66.3964	297.288	-6426.56
731	72	67.1445	295.438	-6425.5
731	96	67.5992	294.876	-6423.08
731	120	67.5674	292.806	-6421.68
731	144	66.4285	292.224	-6421.07
731	168	65.9354	293.223	-6421.54
731	192	64.9916	293.917	-6422.21
731	216	64.2065	294.571	-6421.86
731	240	66.365	295.5	-6420.53
731	264	67.4111	295.72	-6418.7
731	288	67.9143	295.074	-6417.95
731	312	67.8557	295.07	-6417.1
731	336	67.99	294.638	-6417.43
731	360	68.2867	296.324	-6417.63
731	384	68.8366	296.766	-6418.57
731	408	70.0697	297.438	-6418.61
731	432	70.8128	298.867	-6417.84
731	456	72.1942	298.273	-6418.01
731	480	72.4289	297.47	-6418.98
731	504	72.8184	297.17	-6418.38
731	528	73.3284	296.915	-6418.61
731	552	73.8363	296.611	-6419.26
731	576	71.891	296.07	-6418.95
731	600	70.6781	296.663	-6418.47
731	624	69.2974	297.99	-6418.63
731	648	68.5431	299.349	-6419.25
731	672	68.7868	300.476	-6418.96
731	696	69.1227	300.224	-6418.2
731	720	67.4175	300.377	-6416.33
731	744	68.0694	299.432	-6415.47
731	768	69.326	299.138	-6414.96
731	792	70.3736	298.434	-6415.37
731	816	70.1061	299.759	-6414.88
731	840	68.5367	298.333	-6414.82
731	864	67.7239	298.64	-6415.24
731	888	67.3847	297.702	-6416
731	912	67.924	297.355	-6416
731	936	69.2952	297.354	-6416.97
731	960	69.4759	297.372	-6415.81
733	24	28.6594	280.22	-6423.85
733	48	28.2132	279.844	-6424.1
733	72	26.4219	279.509	-6425.28
733	96	25.3168	279.952	-6425.84
733	120	23.0037	279.757	-6425.16
733	144	21.5804	278.531	-6423.69
733	168	21.2172	278.213	-6422.96
733	192	21.3441	277.448	-6422.04
733	216	21.7963	277.401	-6421.15
733	240	21.2668	277.799	-6420.95
733	264	18.1056	279.498	-6418.54
733	288	15.4676	280.985	-6416.23
733	312	13.8777	281.569	-6413.76
733	336	13.0017	281.816	-6412.53
733	360	12.239	279.597	-6408.73
733	384	12.3488	277.442	-6409.27
733	408	13.2205	274.864	-6410.06
733	432	14.4527	273.274	-6411
733	456	15.2519	273.002	-6412.84
733	480	16.1228	273.173	-6413.76
733	504	16.5166	273.349	-6416.27
733	528	16.3834	275.583	-6415.78
733	552	14.974	277.38	-6417.75
733	576	14.7973	277.512	-6417.86
733	600	14.7341	277.231	-6419.47
733	624	14.4144	276.994	-6419.11
733	648	13.9614	277.63	-6420.16
733	672	13.5442	277.903	-6421.38
733	696	13.244	277.646	-6421.84
733	720	12.9952	277.783	-6421.79
733	744	13.2325	278.436	-6422.32
733	768	13.4041	278.92	-6423.51
733	792	12.4113	280.618	-6425.8
733	816	11.1114	280.739	-6426.71
733	840	9.51246	280.127	-6427.15
733	864	8.22652	279.596	-6426.37
733	888	7.24258	279.486	-6425.33
733	912	6.22601	279.075	-6424.97
733	936	5.71824	279.091	-6425.1
733	960	4.77288	279.368	-6424.99
735	24	27.9439	214.955	-6413.41
735	48	27.9771	214.803	-6415.82
735	72	27.6735	216.221	-6417.09
735	96	28.5393	217.3	-6419.93
735	120	29.0368	219.823	-6422.62
735	144	30.6585	221.877	-6421.91
735	168	29.0971	221.904	-6422.38
735	192	28.2856	221.677	-6426.31
740	24	140.216	209.642	-6441.29
740	48	142.077	208.652	-6441.29
740	72	137.99	209.258	-6441.29
740	96	135.79	209.616	-6441.29
740	120	140.847	208.626	-6441.29
740	144	142.93	208.84	-6441.29
740	168	140.857	209.769	-6441.29
740	192	142.673	210.536	-6441.29
740	216	143.14	212.174	-6441.29
740	240	142.677	212.247	-6441.29
740	264	142.633	211.837	-6441.29
740	288	143.042	212.169	-6441.29
740	312	142.327	213.215	-6441.29
740	336	142.872	212.576	-6441.29
740	360	143.615	211.931	-6441.29
740	384	144.341	213.566	-6441.29
740	408	143.984	215.739	-6441.29
740	432	144.632	215.775	-6441.29
740	456	144.002	215.538	-6441.29
740	480	142.116	214.793	-6441.29
740	504	142.308	216.294	-6441.29
740	528	143.093	216.409	-6441.29
740	552	143.634	216.767	-6441.29
770	24	135.626	268.284	-6432.35
770	48	137.228	270.41	-6432.78
770	72	138.522	270.495	-6435.88
770	96	138.377	269.866	-6439.93
770	120	137.8	270.011	-6438.21
770	144	137.566	269.848	-6436.11
770	168	137.329	269.744	-6438.84
770	192	138.091	270.568	-6437.53
770	216	139.054	272.06	-6439.23
770	240	138.68	271.984	-6441.29
770	264	139.998	270.88	-6437.29
770	288	139.43	268.978	-6441.29
770	312	138.51	268.185	-6441.29
770	336	139.948	266.54	-6441.29
770	360	138.79	266.947	-6441.29
770	384	139.407	266.859	-6441.29
770	408	138.627	265.82	-6441.29
770	432	137.728	264.616	-6441.29
770	456	138.499	264.895	-6441.29
770	480	137.686	264.665	-6437.59
770	504	138.609	265.073	-6437.81
770	528	138.76	264.295	-6436.77
770	552	140.873	263.454	-6432.66
770	576	142.264	263.463	-6432.76
770	600	143	263.835	-6432.19
770	624	143.354	264.146	-6431.26
770	648	144.551	264.072	-6430.42
770	672	145.166	264.174	-6429.99
770	696	146.025	264.171	-6428.56
770	720	144.989	264.544	-6427.14
770	744	144.172	264.785	-6426.21
770	768	143.436	265.914	-6424.45
770	792	142.47	268.528	-6425
770	816	140.35	270.491	-6422.91
770	840	139.378	271.222	-6422.62
770	864	138.437	270.533	-6419.54
770	888	134.489	269.731	-6419.35
770	912	132.459	269.834	-6420.84
770	936	129.292	267.247	-6422.12
770	960	129.173	266.534	-6421.31
773	24	158.908	241.696	-6432.15
773	48	156.684	243.61	-6430.92
773	72	156.243	246.466	-6427.82
773	96	152.211	247.073	-6426.98
773	120	147.801	246.912	-6425.47
773	144	147.513	247.334	-6425.12
773	168	145.217	244.983	-6425.01
773	192	143.786	245.176	-6425.15
773	216	141.873	242.555	-6425.62
773	240	138.55	240.023	-6424.56
773	264	135.38	240.484	-6421.38
773	288	132.592	240.116	-6424.15
773	312	129.938	238.151	-6423.52
773	336	127.902	235.542	-6425.33
773	360	127.323	233.506	-6427.7
773	384	128.777	233.033	-6430.06
773	408	127.632	232.712	-6431.5
773	432	126.957	231.363	-6433.74
773	456	126.966	229.133	-6433.27
773	480	128.42	229.424	-6436.06
773	504	128.663	227.154	-6439.04
773	528	131.667	224.225	-6441.29
773	552	132.804	221.656	-6439.68
773	576	136.448	220.48	-6439.36
773	600	140.977	219.834	-6441.29
773	624	143.777	221.433	-6441.29
773	648	144.193	222.197	-6441.29
773	672	147.198	221.213	-6441.29
773	696	150.688	221.865	-6441.29
773	720	152.88	221.041	-6441.29
773	744	155.014	220.323	-6441.29
773	768	160.335	221.201	-6441.29
773	792	162.062	220.495	-6441.29
773	816	163.748	221.804	-6441.29
773	840	165.435	222.132	-6441.29
773	864	165.754	222.411	-6441.29
773	888	169.97	221.627	-6441.29
773	912	170.286	219.858	-6441.29
773	936	171.899	215.437	-6441.29
773	960	172.18	214.836	-6441.29
779	24	181.742	268.139	-6428.63
779	48	181.992	267.284	-6430.09
779	72	181.049	267.02	-6429.12
779	96	180.425	266.631	-6427.73
779	120	181.091	267.308	-6427.63
779	144	181.317	268.457	-6427.66
779	168	179.518	269.005	-6428.63
779	192	178.681	268.34	-6429.71
779	216	178.139	268.388	-6429.65
779	240	179.427	269.37	-6430.37
779	264	179.103	269.945	-6430.65
779	288	178.992	269.667	-6428.52
779	312	179.394	269.602	-6427.79
779	336	179.308	269.618	-6428.35
779	360	180.306	269.677	-6429.29
779	384	180.843	268.507	-6427.97
779	408	180.802	267.906	-6427.13
779	432	181.165	266.477	-6426.87
779	456	180.208	265.292	-6426.31
779	480	179.502	266.02	-6426.15
779	504	180.425	266.118	-6426.52
779	528	179.703	266.632	-6427.5
779	552	178.545	266.805	-6427.39
779	576	179.921	267.349	-6427.97
779	600	179.162	268.066	-6429.36
779	624	179.414	266.625	-6429.34
779	648	178.956	265.366	-6430.23
779	672	178.429	265.183	-6431.46
779	696	177.879	264.29	-6431.36
779	720	177.572	264.703	-6429.49
779	744	177.892	267.054	-6428.38
779	768	178.765	268.397	-6428.05
779	792	180.902	268.081	-6428.29
779	816	181.069	268.46	-6428.31
779	840	181.61	268.319	-6429.4
779	864	182.28	268.458	-6431.5
779	888	182.515	268.696	-6430.08
779	912	182.811	267.54	-6430.62
779	936	184.553	268.172	-6431.38
779	960	184.158	268.565	-6431.34
801	24	108.294	294.053	-6410.7
801	48	106.679	290.249	-6411.58
801	72	107.199	286.744	-6410.13
801	96	108.362	283.828	-6412.95
801	120	110.911	283.419	-6414.27
801	144	111.42	282.65	-6414.09
801	168	115.311	282.129	-6412.35
801	192	117.475	281.44	-6411.24
801	216	120.986	279.423	-6410.36
801	240	123.273	279.198	-6413.46
801	264	126.9	278.539	-6412.99
801	288	127.816	277.424	-6412.28
801	312	127.46	276.028	-6410.8
801	336	121.595	273.188	-6412.87
801	360	120.699	271.42	-6414.13
801	384	121.475	268.183	-6415.07
801	408	121.03	265.629	-6415.59
801	432	119.02	262.11	-6417.65
801	456	118.75	258.794	-6418.91
801	480	119.89	256.616	-6418.16
801	504	126.046	254.219	-6417.41
801	528	128.041	251.948	-6418.76
801	552	129.515	250.214	-6421.74
801	576	131.438	247.592	-6421.86
801	600	133.393	245.238	-6423.19
801	624	135.253	244.998	-6423.7
801	648	139.953	243.51	-6421.53
801	672	143.07	242.836	-6418.95
801	696	146.24	242.492	-6419.6
801	720	150.435	242.82	-6421.29
801	744	153.343	242.598	-6421.32
801	768	155.987	242.415	-6421.85
801	792	156.916	241.956	-6422.67
801	816	162.485	238.497	-6425.47
801	840	165.023	237.778	-6425.42
801	864	166.475	238.935	-6426.85
801	888	167.431	240.041	-6429.27
801	912	167.546	240.009	-6430.81
801	936	170.411	238.865	-6432.82
801	960	173.44	238.056	-6435.67
967	24	69.8763	377.054	-6441.29
967	48	70.4195	377.436	-6441.29
967	72	71.2974	377.499	-6441.29
967	96	71.1424	377.504	-6441.29
967	120	71.6407	377.093	-6441.29
967	144	71.4693	378.168	-6440.27
967	168	72.1674	377.743	-6434.41
967	192	72.6035	377.407	-6432.21
983	24	45.4333	315.531	-6427.61
983	48	43.6446	314.984	-6430.38
983	72	41.8916	314.11	-6431.69
983	96	40.7505	314.095	-6431.58
983	120	39.059	315.039	-6432.16
983	144	38.2223	315.361	-6432.08
983	168	34.6193	315.143	-6431.66
983	192	33.4539	314.772	-6432.14
983	216	33.2738	311.838	-6430.62
983	240	32.0458	309.52	-6429.46
983	264	29.7372	308.254	-6430.56
983	288	28.5739	307.828	-6432.18
983	312	28.1458	308.283	-6431.51
983	336	26.951	309.29	-6431.7
983	360	24.7228	309.2	-6427.88
983	384	24.7729	308.852	-6426.77
983	408	24.4214	307.009	-6426.8
983	432	23.3856	306.371	-6427.08
983	456	21.0562	305.37	-6427.08
983	480	20.3216	304.207	-6427.76
983	504	19.3518	302.772	-6429.34
983	528	19.7963	300.247	-6431.05
983	552	21.9406	299.107	-6431.39
983	576	22.7136	298.698	-6431.57
983	600	22.2615	298.298	-6432.76
983	624	23.0531	297.303	-6431.2
983	648	24.4185	296.534	-6430.75
983	672	24.95	296.008	-6430.91
983	696	26.0823	294.789	-6431.94
983	720	26.867	294.664	-6433.26
983	744	28.6428	294.399	-6435.5
983	768	30.7853	296.315	-6435.26
983	792	31.2253	298.383	-6435.79
983	816	32.032	300.243	-6434.48
983	840	32.476	302.255	-6434.34
983	864	32.1847	302.449	-6434.96
983	888	31.3271	304.491	-6437.57
983	912	32.3575	306.203	-6435.94
983	936	33.84	307.466	-6441.29
983	960	36.1798	308.937	-6441.29
1013	24	112.42	314.674	-6435.35
1013	48	111.473	314.654	-6434.53
1013	72	109.748	316.417	-6431.29
1013	96	109.288	315.223	-6430.77
1013	120	107.956	312.495	-6430.76
1013	144	108.928	313.202	-6429.81
1013	168	108.202	313.905	-6429.1
1013	192	107.148	313.88	-6428.65
1013	216	107.505	314.073	-6428.66
1013	240	107.268	314.475	-6430.9
1013	264	106.406	314.88	-6431.38
1013	288	105.374	315.635	-6435.68
1013	312	106.012	316.27	-6437.08
1013	336	105.925	316.882	-6439.48
1013	360	106.707	317.379	-6439.25
1013	384	108.514	318.718	-6441.29
1013	408	110.85	321.027	-6441.29
1013	432	112.989	324.958	-6441.29
1013	456	114.049	324.864	-6439
1013	480	115.582	326.05	-6438.31
1031	24	179.77	308.501	-6415.36
1031	48	179.471	307.919	-6414.89
1031	72	182.183	307.831	-6412.91
1031	96	182.554	307.718	-6411.86
1031	120	182.182	307.525	-6410.26
1031	144	184.32	307.673	-6409.67
1031	168	185.208	309.824	-6407.79
1031	192	186.868	308.835	-6407.89
1031	216	188.054	309.281	-6407.12
1031	240	187.926	309.477	-6407.87
1031	264	188.642	309.726	-6408.44
1031	288	188.578	309.956	-6409.22
1031	312	189.332	310.318	-6410.37
1031	336	191.542	312.202	-6411.41
1031	360	191.163	312.364	-6412.12
1031	384	191.772	313.188	-6411.99
1031	408	191.773	314.356	-6413.3
1031	432	190.318	314.186	-6413.95
1031	456	192.218	314.436	-6414.61
1031	480	192.252	315.908	-6413.65
1031	504	192.453	314.965	-6414.32
1031	528	194.297	314.154	-6413.38
1031	552	194.978	313.303	-6412.51
1031	576	196.529	313.238	-6413.24
1031	600	197.453	312.066	-6414.19
1031	624	198.472	311.297	-6414.24
1031	648	199.297	311.95	-6413.73
1031	672	199.922	311.846	-6413.99
1031	696	201.748	311.825	-6416.04
1031	720	202.892	310.868	-6417.81
1031	744	201.978	309.139	-6419.07
1031	768	201.8	308.425	-6418.01
1031	792	201.867	307.312	-6417.87
1031	816	200.682	306.877	-6418.63
1031	840	200.464	305.909	-6416.29
1031	864	201.031	306.685	-6414.4
1031	888	200.842	307.419	-6412.69
1031	912	198.973	306.949	-6412.15
1031	936	199.417	307.377	-6411.65
1031	960	199.351	305.982	-6411.19
1033	24	187.269	409.2	-6414.37
1033	48	184.191	405.279	-6413.09
1033	72	183.87	404.766	-6413.79
1033	96	184.347	401.41	-6413.27
1033	120	185.241	398.202	-6414.27
1033	144	184.87	395.769	-6414.19
1033	168	182.418	393.828	-6413.12
1033	192	179.453	391.676	-6415.24
1033	216	178.647	391.242	-6415.46
1033	240	176.841	388.775	-6416.56
1033	264	174.58	386.224	-6417.44
1033	288	174.725	384.349	-6417.83
1033	312	175	381.537	-6419
1033	336	176.52	380.369	-6418.24
1033	360	177.25	379.573	-6419.21
1033	384	180.365	379.259	-6418.72
1033	408	183.477	376.751	-6418.82
1033	432	183.45	375.792	-6419.44
1033	456	184.41	375.467	-6421.33
1033	480	184.607	373.79	-6422.44
1033	504	186.337	373.076	-6422.87
1033	528	187.15	372.648	-6423.6
1033	552	187.332	372.108	-6423.97
1033	576	187.886	370.209	-6424.08
1033	600	187.843	367.754	-6424.43
1033	624	191.035	366.44	-6422.99
1033	648	193.174	367.278	-6421.39
1033	672	194.581	365.564	-6419.75
1033	696	195.723	365.083	-6419.52
1033	720	197.216	365.157	-6420.06
1033	744	200.112	363.432	-6420.16
1033	768	202.052	364.061	-6420.98
1033	792	202.516	363.721	-6421.74
1033	816	203.172	363.462	-6421.5
1033	840	204.952	360.47	-6419.88
1033	864	204.831	357.514	-6419.46
1033	888	205.059	356.773	-6418.18
1033	912	206.82	355.34	-6419.6
1033	936	206.367	354.764	-6418.97
1033	960	206.882	352.899	-6418
1094	24	211.744	367.448	-6427.82
1094	48	210.101	368.418	-6427.09
1094	72	208.583	368.91	-6426.58
1094	96	205.83	369.356	-6427.2
1094	120	204.041	370.448	-6427.42
1094	144	204.473	370.249	-6424.26
1094	168	204.544	371.36	-6420.72
1094	192	204.274	371.709	-6420.02
1094	216	204.125	374.435	-6416.7
1094	240	203.919	375.851	-6416.69
1204	24	67.4142	99.4674	-6392.55
1204	48	73.4175	99.5601	-6391.5
1204	72	76.3901	99.911	-6392.57
1204	96	76.942	99.549	-6393.94
1204	120	77.7601	99.8732	-6396.57
1204	144	76.2404	98.3208	-6401.43
1204	168	73.3173	98.1966	-6402.89
1204	192	70.5548	97.2428	-6403.79
1204	216	71.3544	93.9884	-6403.13
1204	240	71.0481	93.4892	-6405.06
1204	264	65.717	93.5859	-6404.77
1204	288	61.3994	94.4782	-6404.82
1204	312	60.0953	95.8074	-6404.85
1204	336	60.8075	95.3031	-6405.21
1204	360	61.7564	94.6939	-6407.05
1204	384	62.4729	95.7254	-6409.97
1204	408	62.4566	98.0984	-6411.13
1204	432	63.6967	97.8574	-6414.68
1204	456	64.5334	97.9675	-6416.1
1204	480	67.9095	99.7645	-6416.79
1204	504	71.2052	99.9454	-6418.88
1204	528	73.0087	100.197	-6421.44
1204	552	73.3389	100.767	-6424.21
1204	576	75.6326	102.136	-6427.49
1204	600	77.505	103.783	-6428.04
1204	624	81.1861	104.517	-6428.2
1204	648	82.9462	105.161	-6429
1204	672	82.9263	106.395	-6430.27
1204	696	84.0418	107.095	-6430.59
1204	720	85.3324	106.653	-6430.47
1204	744	86.7209	107.525	-6433.46
1204	768	89.3062	108.508	-6437.72
1204	792	91.6744	107.875	-6441.29
1204	816	94.0822	106.529	-6441.29
1204	840	97.3268	104.638	-6441.29
1204	864	99.0758	102.748	-6441.29
1204	888	102.731	101.751	-6441.29
1204	912	104.229	103.674	-6441.29
1204	936	104.435	105.546	-6441.29
1204	960	104.999	107.198	-6441.29
1277	24	102.581	24.1999	-6409.62
1277	48	103.205	22.5182	-6410.56
1277	72	102.759	22.7559	-6411.73
1277	96	101.987	22.7823	-6412.18
1277	120	102.406	22.8545	-6413.4
1277	144	103.054	23.0433	-6415.01
1277	168	104.886	23.8207	-6413.95
1277	192	105.464	24.4182	-6417.43
1277	216	106.649	24.3576	-6416.69
1277	240	106.58	24.0609	-6416.79
1277	264	106.707	25.343	-6416.07
1277	288	105.865	27.4167	-6415.88
1277	312	105.667	29.3667	-6413.97
1277	336	106.285	30.313	-6413.08
1277	360	106.586	32.4	-6410.89
1277	384	106.604	34.8952	-6408.06
1277	408	106.208	36.0518	-6408.9
1277	432	108.402	35.9363	-6406.15
1277	456	104.971	34.9926	-6400.59
1277	480	104.509	33.7179	-6398.82
1277	504	105.451	34.3158	-6397.61
1277	528	105.879	35.3176	-6394.32
1277	552	106.187	35.1842	-6395.11
1277	576	108.55	33.1324	-6394.24
1277	600	107.75	33.4251	-6393.85
1277	624	107.141	32.9369	-6392.06
1277	648	107.52	31.5893	-6390.38
1277	672	108.041	29.6575	-6387.59
1277	696	108.74	28.0952	-6388.57
1277	720	110.71	25.2038	-6386.12
1277	744	112.035	25.2472	-6385.21
1277	768	112.739	24.1442	-6381.29
1277	792	113.719	23.6569	-6381.29
1277	816	109.555	20.3842	-6381.29
1277	840	109.436	18.1908	-6381.29
1299	24	142.72	23.1956	-6403.82
1299	48	142.687	21.0816	-6401.94
1299	72	142.728	19.6709	-6400.54
1299	96	145.066	15.9804	-6399.36
1299	120	144.733	14.8849	-6399.8
1299	144	149.583	8.96267	-6402.66
1299	168	149.131	8.27835	-6403.66
1299	192	150.088	7.84814	-6405.92
1299	216	150.854	6.7639	-6408.02
1299	240	151.526	6.32837	-6408.47
1299	264	151.766	5.00805	-6409.62
1299	288	151.424	4.55942	-6409.1
1434	24	229.525	37.3748	-6409.58
1434	48	230.385	35.7117	-6409.13
1434	72	230.699	32.4725	-6410.3
1434	96	231.852	32.1961	-6410.79
1434	120	233.476	29.4595	-6411.35
1434	144	233.698	28.5422	-6411.11
1434	168	232.64	26.2248	-6410.7
1434	192	232.631	23.6258	-6409.16
1434	216	231.068	23.8971	-6410.25
1434	240	229.711	25.6071	-6410.78
1434	264	228.191	26.604	-6413.09
1434	288	227.257	26.9794	-6412.66
1434	312	224.514	26.1931	-6411.62
1434	336	222.952	22.3094	-6409.82
1434	360	221.821	19.1507	-6410.57
1434	384	222.939	19.0939	-6411.2
1434	408	224.77	18.7364	-6409.59
1434	432	226.022	16.8746	-6410.07
1454	24	258.067	34.5787	-6402.82
1454	48	256.63	37.4131	-6400.68
1454	72	257.77	38.2642	-6403.51
1454	96	257.785	38.7983	-6401.87
1454	120	257.018	38.2894	-6398.44
1454	144	256.82	37.7137	-6399.49
1454	168	256.462	37.2648	-6399.18
1454	192	255.244	37.3832	-6399.99
1454	216	253.716	39.8233	-6403.13
1454	240	253.058	41.6093	-6405.47
1454	264	252.579	41.7978	-6407.42
1454	288	252.663	42.0349	-6405.94
1454	312	252.288	45.817	-6407.4
1454	336	251.432	46.5624	-6405.93
1454	360	251.602	46.3007	-6404.97
1454	384	252.224	45.9766	-6403.83
1454	408	253.95	46.2343	-6404.68
1454	432	255.227	47.1661	-6405.09
1454	456	255.818	49.2442	-6406.1
1454	480	256.188	49.9808	-6405.72
1454	504	256.28	49.6718	-6403.51
1454	528	255.493	50.6834	-6402.92
1454	552	255.348	51.3634	-6401.66
1454	576	254.125	51.2261	-6400.46
1454	600	253.394	49.471	-6400.75
1454	624	251.206	47.866	-6399.86
1454	648	251.496	48.7801	-6400.87
1454	672	251.168	46.8399	-6399.25
1454	696	250.713	46.7827	-6399.17
1454	720	250.143	46.1	-6399.57
1454	744	251.348	45.0436	-6400.98
1454	768	250.765	44.7934	-6400.78
1454	792	251.018	43.9807	-6401.89
1454	816	250.861	43.683	-6402.34
1454	840	250.312	43.3891	-6403.16
1454	864	250.642	42.7608	-6404.76
1454	888	250.201	42.771	-6404.95
1454	912	249.592	42.179	-6404.91
1454	936	247.96	41.3092	-6404.46
1454	960	246.783	40.9346	-6405.37
1561	24	333.079	27.6741	-6401.67
1561	48	333.162	28.4351	-6404.59
1561	72	332.626	28.2084	-6404.97
1561	96	331.483	28.6698	-6403.96
1561	120	331.217	27.6324	-6407.88
1561	144	332.195	28.2066	-6405.22
1561	168	332.075	28.4125	-6405.26
1561	192	331.864	28.8684	-6403.77
1561	216	332.48	29.5054	-6405.1
1561	240	332.608	30.148	-6403.76
1561	264	331.875	31.3477	-6404.46
1561	288	332.765	31.5908	-6404.52
1568	24	335.333	53.3306	-6388.24
1568	48	333.861	52.9988	-6389.05
1568	72	330.95	54.7259	-6387.86
1568	96	331.314	54.4617	-6391.02
1568	120	331.505	53.1844	-6390.78
1568	144	332.622	52.555	-6392.39
1568	168	331.624	54.4619	-6386.33
1568	192	332.354	53.4487	-6393.79
1568	216	332.295	53.9441	-6395.24
1568	240	332.691	52.546	-6397.84
1568	264	335.252	52.165	-6396.83
1568	288	336.396	52.4648	-6396.95
1568	312	337.727	54.1405	-6397.7
1579	24	53.2351	144.725	-6405.7
1579	48	54.7824	143.933	-6404.63
1579	72	55.4564	142.501	-6402.43
1579	96	56.8838	141.33	-6400.61
1579	120	57.6666	139.461	-6398.43
1579	144	57.5175	138.96	-6398.04
1579	168	57.1965	138.226	-6395.75
1579	192	57.4001	137.223	-6395.35
1579	216	56.7159	135.152	-6393.39
1579	240	56.8927	133.961	-6395.56
1579	264	56.4561	132.037	-6395.96
1579	288	54.849	130.012	-6396.7
1579	312	54.6653	127.648	-6397.71
1579	336	55.914	127.187	-6398.74
1579	360	57.2232	127.85	-6398.87
1579	384	58.4299	127.773	-6399.66
1579	408	59.2593	127.463	-6399.82
1579	432	60.1254	126.61	-6399.17
1579	456	62.6483	125.16	-6397.33
1579	480	62.7952	126.539	-6396.46
1579	504	62.2152	125.918	-6396.01
1579	528	63.5708	125.312	-6393.58
1579	552	64.2727	124.744	-6393.2
1579	576	64.3558	125.309	-6393.04
1579	600	61.6597	124.458	-6394.13
1579	624	60.4658	123.797	-6392.2
1579	648	59.1078	124.334	-6391.07
1579	672	56.8248	125.137	-6391.2
1579	696	56.2208	126.708	-6392.43
1579	720	55.7958	128.261	-6392.32
1579	744	55.4888	130.357	-6393.3
1579	768	56.3432	132.957	-6391.86
1579	792	56.513	133.047	-6392.68
1579	816	56.4575	134.053	-6393.03
1579	840	56.7022	134.01	-6395.5
1579	864	57.8189	134.881	-6393.37
1579	888	55.3541	136.515	-6391.27
1579	912	55.6008	136.104	-6388.23
1579	936	55.8213	134.961	-6383.33
1579	960	55.0975	135.155	-6384.97
1583	24	72.791	202.535	-6403.72
1583	48	71.519	201.334	-6402.38
1583	72	71.6223	200.837	-6401.12
1583	96	70.518	200.212	-6401.04
1583	120	69.3526	198.279	-6396.83
1583	144	69.169	197.626	-6395.13
1583	168	70.1282	197.549	-6392.97
1583	192	69.9412	198.48	-6391.46
1583	216	69.6485	197.274	-6390.65
1583	240	71.0803	196.386	-6388.26
1583	264	74.1609	195.217	-6388.06
1583	288	76.1627	195.233	-6388.6
1583	312	77.3143	196.262	-6391.76
1583	336	77.9675	197.236	-6392.44
1583	360	78.6176	197.708	-6393.12
1583	384	80.2612	198.588	-6394.42
1583	408	82.2499	199.405	-6394.88
1583	432	82.9261	196.936	-6396.55
1583	456	85.3227	195.309	-6397.49
1583	480	86.5095	195.547	-6398.74
1583	504	87.9247	194.926	-6400.5
1583	528	89.1123	195.066	-6402.12
1583	552	89.5755	196.581	-6403.39
1583	576	90.8613	196.805	-6406.43
1583	600	92.311	196.842	-6407.35
1583	624	92.6519	196.744	-6407.61
1583	648	95.0705	195.697	-6408.61
1583	672	96.4743	193.707	-6409.74
1583	696	101.439	192.965	-6407.9
1583	720	104.542	191.109	-6406.41
1583	744	105.537	188.859	-6404.96
1583	768	106.249	185.978	-6403.71
1583	792	106.623	184.013	-6403.35
1583	816	109.126	182.195	-6402.13
1583	840	110.231	181.476	-6401.68
1583	864	110.893	180.621	-6399.65
1583	888	111.186	181.265	-6398.79
1583	912	112.107	181.322	-6397.39
1583	936	112.162	181.522	-6397.02
1583	960	114.167	181.82	-6395.25
1586	24	64.5568	128.328	-6401.95
1586	48	63.5401	127.65	-6404.09
1586	72	64.7946	127.731	-6406.17
1586	96	65.1827	129.716	-6408.87
1586	120	65.2111	131.782	-6409.66
1586	144	65.6307	132.141	-6410.63
1586	168	63.7947	134.252	-6411.01
1586	192	60.7681	137.489	-6411.43
1586	216	60.2178	137.468	-6410.11
1586	240	60.1339	137.28	-6409.2
1586	264	58.7958	137.808	-6410.49
1586	288	57.112	139.087	-6409.65
1586	312	53.9203	141.329	-6409.57
1586	336	52.4069	141.565	-6411.81
1586	360	52.9754	141.765	-6411.84
1586	384	52.6325	140.965	-6414.94
1586	408	51.7752	140.984	-6417.11
1586	432	50.6283	142.621	-6420.46
1586	456	51.2578	143.426	-6421.82
1586	480	52.0114	144.447	-6422.44
1586	504	53.2016	145.357	-6423.93
1586	528	58.1006	144.86	-6426.42
1586	552	59.6343	144.65	-6428.83
1586	576	61.0978	145.494	-6427.81
1586	600	61.6373	145.363	-6428.11
1586	624	62.0773	142.838	-6428.01
1586	648	66.1696	142.169	-6428.38
1586	672	69.3114	141.992	-6425.99
1586	696	71.0591	140.489	-6425.01
1586	720	72.5665	139.601	-6425.41
1586	744	73.547	137.504	-6424.01
1586	768	73.2601	135.841	-6421.95
1586	792	72.19	134.825	-6418.42
1586	816	72.1344	134.415	-6417.16
1586	840	72.7997	133.94	-6416.28
1586	864	73.155	132.779	-6415.59
1586	888	75.2064	131.246	-6413.77
1586	912	74.7103	131.501	-6414.53
1586	936	80.1886	130.907	-6414.28
1586	960	80.7842	129.158	-6414.98
1588	24	88.9983	182.085	-6402.15
1588	48	91.0979	182.141	-6400.44
1588	72	91.2617	182.057	-6398.75
1588	96	91.5773	182.184	-6396.15
1588	120	91.7926	183.619	-6393.07
1588	144	92.6299	186.163	-6391.06
1588	168	92.3922	186.894	-6388.81
1588	192	91.7235	187.444	-6385.98
1588	216	90.8748	187.305	-6383.29
1588	240	89.7409	185.803	-6381.29
1588	264	89.1344	183.803	-6381.29
1588	288	87.608	182.634	-6381.29
1588	312	84.9942	181.581	-6381.29
1588	336	85.24	181.917	-6381.29
1588	360	86.2018	180.643	-6381.29
1588	384	83.6836	177.624	-6381.29
1588	408	81.7694	175.908	-6381.29
1588	432	82.3389	174.49	-6381.29
1588	456	81.196	172.298	-6381.29
1588	480	80.1404	170.348	-6381.29
1588	504	78.6631	170.109	-6381.29
1588	528	78.7329	170.373	-6381.29
1588	552	80.8034	169.413	-6381.29
1588	576	81.4059	169.534	-6382.93
1588	600	84.3235	167.49	-6383.63
1588	624	85.473	165.14	-6384.77
1588	648	87.5913	162.197	-6381.29
1588	672	89.0751	161.174	-6381.29
1588	696	90.6088	157.872	-6381.29
1588	720	91.7194	155.559	-6381.29
1588	744	92.9494	153.769	-6381.29
1588	768	93.3592	153.128	-6381.29
1588	792	93.9961	151.237	-6381.29
1588	816	91.7101	147.213	-6381.29
1588	840	86.7616	144.885	-6381.29
1588	864	85.2866	143.88	-6381.29
1588	888	82.2697	144.299	-6381.29
1588	912	81.3327	143.4	-6381.29
1588	936	81.2789	143.842	-6381.29
1588	960	78.5719	143.544	-6381.29
1591	24	55.4222	156.149	-6398.58
1591	48	53.9003	157.118	-6397.55
1591	72	54.3065	157.751	-6397.26
1591	96	55.3475	159.909	-6393.39
1591	120	55.7081	159.732	-6392.09
1591	144	57.865	159.222	-6390.62
1591	168	60.4209	159.16	-6389.95
1591	192	61.1862	160.342	-6389.43
1591	216	61.3517	158.387	-6386.9
1591	240	60.5093	158.253	-6385.38
1591	264	60.6335	159.116	-6381.29
1591	288	57.1815	160.379	-6381.29
1591	312	56.0456	159.832	-6381.29
1600	24	17.7267	138.033	-6393.26
1600	48	17.657	138.827	-6391.16
1600	72	15.9152	140.245	-6389.86
1600	96	16.0728	139.748	-6388.68
1600	120	16.5937	140.232	-6387.3
1600	144	16.47	139.917	-6387.04
1600	168	16.9324	138.962	-6387.06
1600	192	20.2733	137.8	-6381.29
1600	216	21.0894	136.812	-6383.26
1600	240	22.7668	137.907	-6383.23
1600	264	24.3266	137.767	-6383.63
1600	288	26.6388	137.093	-6381.29
1600	312	27.7602	134.499	-6381.29
1600	336	29.9277	134.874	-6386.02
1600	360	27.4533	135.086	-6384.75
1600	384	27.7307	135.793	-6381.29
1600	408	28.9341	137.106	-6381.29
1600	432	27.9378	137.941	-6381.29
1600	456	26.8235	137.731	-6381.29
1600	480	25.7316	136.724	-6381.29
1600	504	26.2616	137.379	-6381.29
1600	528	26.4416	138.486	-6381.29
1600	552	26.982	139.79	-6381.29
1600	576	28.4127	140.127	-6381.29
1600	600	29.4623	141.528	-6384.93
1600	624	30.0656	142.569	-6387.65
1600	648	31.1608	142.098	-6390.2
1600	672	31.7821	142.839	-6390.5
1600	696	32.3677	141.577	-6390.2
1600	720	31.9488	141.301	-6390
1600	744	31.4517	140.193	-6389.71
1600	768	32.5193	138.505	-6389.81
1600	792	32.517	136.554	-6388.85
1600	816	31.6085	137.382	-6389.46
1600	840	31.6055	138.877	-6388.52
1600	864	30.8935	138.195	-6389.23
1600	888	30.0242	137.065	-6387.97
1600	912	26.7121	137.704	-6389.83
1600	936	26.2547	137.29	-6391.36
1600	960	24.512	139.168	-6391.34
1601	24	33.0018	164.353	-6391.77
1601	48	36.464	164.05	-6394.66
1601	72	37.4241	164.062	-6394.56
1601	96	38.1734	162.438	-6396.52
1601	120	39.162	161.241	-6398.89
1601	144	39.8345	161.052	-6400.83
1601	168	39.7967	161.263	-6402.2
1601	192	38.3502	159.324	-6402.91
1601	216	37.4694	159.309	-6403.03
1601	240	36.2659	160.135	-6402.28
1601	264	35.4781	160.332	-6402.34
1601	288	34.9835	159.607	-6403.13
1601	312	33.5279	158.401	-6405.38
1601	336	34.3176	158.768	-6406.71
1601	360	34.294	159.019	-6407.1
1601	384	35.1265	159.136	-6406.77
1601	408	35.016	159.743	-6407.61
1601	432	35.3932	160.451	-6407.71
1601	456	34.4737	161.409	-6408.89
1601	480	35.2235	161.06	-6410.86
1601	504	35.4333	160.764	-6409.82
1601	528	35.6928	160.418	-6410.1
1601	552	36.3169	160.441	-6409.52
1601	576	37.2986	161.35	-6408.64
1601	600	38.7819	161.507	-6408.28
1601	624	38.1851	161.165	-6410.83
1601	648	38.8226	160.888	-6410.15
1601	672	40.0987	160.859	-6410.66
1601	696	39.4511	160.384	-6412.95
1601	720	39.0736	160.8	-6413.51
1601	744	36.9965	162.366	-6412.79
1601	768	36.2553	161.98	-6414.85
1601	792	34.0587	162.599	-6416.37
1601	816	32.239	163.498	-6416.9
1601	840	31.9482	162.074	-6417.55
1601	864	32.541	161.22	-6418.66
1601	888	32.7983	160.973	-6422.26
1601	912	33.7039	159.568	-6425.07
1601	936	33.1937	159.235	-6426.56
1601	960	32.9212	158.801	-6426.96
1642	24	150.432	142.529	-6402.83
1642	48	150.951	141.481	-6406.38
1642	72	152.186	140.101	-6407.23
1642	96	150.771	139.056	-6408.55
1642	120	150.951	136.958	-6407.64
1642	144	151.138	133.52	-6409.29
1642	168	152.132	131.418	-6408.77
1642	192	149.163	130.355	-6410.93
1642	216	147.707	130.73	-6412.11
1642	240	146.1	128.782	-6413.87
1642	264	144.508	126.783	-6414.15
1642	288	142.649	125.139	-6414.19
1642	312	138.681	123.047	-6417.84
1642	336	136.509	121.714	-6417.71
1642	360	134.352	120.674	-6418.83
1642	384	134.251	120.728	-6419.79
1642	408	130.142	123.225	-6421.65
1642	432	128.354	123.863	-6422.53
1642	456	127.16	123.612	-6424.2
1642	480	126.801	123.729	-6423.69
1642	504	122.633	124.52	-6422.52
1642	528	121.244	125.722	-6420.75
1642	552	119.839	127.399	-6419.94
1642	576	116.547	129.007	-6418.39
1642	600	115.551	129.196	-6415.86
1642	624	112.481	128.961	-6413.37
1642	648	110.541	127.255	-6410.03
1642	672	109.288	124.235	-6408.33
1642	696	113.849	125.338	-6406.02
1642	720	116.196	125.029	-6405.22
1642	744	119.092	122.677	-6405.99
1642	768	120.541	121.706	-6405.62
1642	792	119.523	122.842	-6404.76
1642	816	121.296	125.366	-6401.65
1642	840	123.175	125.67	-6401.54
1642	864	126.604	125.521	-6401.04
1642	888	131.498	123.919	-6399.99
1642	912	133.107	121.644	-6398.51
1642	936	135.334	119.91	-6396.76
1642	960	136.49	117.812	-6397.51
1647	24	104.561	179.775	-6401.98
1647	48	102.075	178.302	-6402.37
1647	72	101.953	176.353	-6401.51
1647	96	100.185	177.085	-6401.83
1647	120	99.3056	180.612	-6402.13
1647	144	99.9836	181.868	-6401.83
1647	168	100.126	181.942	-6400.51
1647	192	98.7756	182.239	-6400.28
1647	216	98.7697	183.452	-6401.61
1647	240	99.8942	184.326	-6402.75
1647	264	98.2185	188.718	-6401.1
1647	288	98.0107	192.221	-6401.46
1647	312	98.44	193.998	-6402.12
1647	336	98.1897	195.45	-6403.08
1647	360	99.3913	196.841	-6399.8
1647	384	100.237	196.541	-6398.9
1647	408	102.209	196.955	-6399.78
1647	432	102.141	197.669	-6401
1647	456	102.834	199.242	-6402.24
1647	480	103.85	199.646	-6402.57
1647	504	103.367	200.994	-6405.26
1647	528	102.151	202.083	-6407.56
1647	552	102.998	201.452	-6409.39
1647	576	103.68	201.621	-6410.46
1647	600	105.046	202.985	-6409.92
1647	624	104.971	203.838	-6409.95
1647	648	106.517	204.451	-6408.09
1647	672	106.341	204.653	-6405.44
1647	696	106.33	204.545	-6404.04
1647	720	107.128	204.508	-6402.96
1647	744	107.472	205.096	-6402.37
1647	768	105.033	205.669	-6399.09
1647	792	105.204	205.757	-6398.07
1647	816	105.07	205.676	-6395.42
1647	840	106.17	207.374	-6393.49
1647	864	109.929	208.213	-6393.28
1647	888	111.399	210.183	-6394.62
1647	912	112.822	211.391	-6395.17
1647	936	114.055	212.134	-6395.88
1647	960	115.525	210.902	-6395.47
1662	24	151.588	176.299	-6391.63
1662	48	151.027	175.055	-6390.55
1662	72	151.818	176.021	-6387.28
1662	96	152.339	176.591	-6383.58
1662	120	152.281	176.712	-6385.49
1662	144	152.745	177.604	-6382.4
1662	168	152.717	176.455	-6381.29
1662	192	154.644	176.922	-6381.29
1662	216	156.18	178.013	-6381.29
1662	240	156.141	178.304	-6381.29
1662	264	153.41	176.99	-6381.29
1668	24	121.476	124.54	-6386.13
1668	48	122.167	124.901	-6385.47
1668	72	121.579	124.104	-6387.49
1668	96	119.925	121.786	-6387.16
1668	120	119.778	123.243	-6388.51
1668	144	119.249	122.612	-6391.24
1668	168	119.374	123.791	-6392.37
1668	192	120.471	123.605	-6393.64
1668	216	120.169	122.832	-6395.84
1668	240	119.231	122.609	-6397.26
1668	264	117.749	125.047	-6399.78
1668	288	114.596	124.532	-6400.17
1668	312	114.113	122.982	-6402.54
1668	336	114.609	124.283	-6403.7
1668	360	115.155	124.452	-6404.81
1668	384	117.008	125.603	-6406.32
1668	408	114.583	128.318	-6409.32
1668	432	113.426	131.814	-6409.7
1668	456	114.92	133.214	-6407.2
1668	480	116.374	134.91	-6408.52
1668	504	119.163	137.31	-6409.83
1668	528	119.092	138.562	-6409.77
1668	552	120.206	141.424	-6409.73
1668	576	118.688	142.785	-6412.33
1668	600	116.697	142.677	-6413.32
1668	624	117.144	145.07	-6414.94
1668	648	117.2	146.456	-6417.67
1668	672	115.125	147.697	-6418.02
1668	696	111.798	146.781	-6418.38
1668	720	111.21	144.605	-6420.51
1668	744	110.737	143.755	-6422.57
1668	768	110.24	143.442	-6425.83
1668	792	110.845	143.27	-6426.51
1668	816	111.295	141.535	-6427.18
1668	840	110.311	141.451	-6427.2
1668	864	109.775	141.182	-6427.26
1668	888	111.608	142.165	-6429.28
1668	912	113.97	141.919	-6430.23
1668	936	113.769	141.001	-6432.97
1668	960	112.378	141.732	-6434.05
1826	24	55.252	289.883	-6409.91
1826	48	55.0704	289.216	-6412.13
1826	72	51.3129	288.229	-6413.18
1826	96	47.9399	287.146	-6415.15
1826	120	46.9174	287.678	-6416.55
1826	144	45.5755	288.056	-6419.17
1826	168	45.1814	287.767	-6419.79
1826	192	43.5181	286.453	-6422.37
1826	216	43.48	286.161	-6424.73
1826	240	43.6559	285.844	-6427.51
1826	264	43.6035	285.859	-6429.09
1826	288	43.2518	285.94	-6430.33
1826	312	43.2517	286.798	-6430.01
1826	336	41.6513	286.704	-6431.38
1826	360	40.3975	286.619	-6432.52
1826	384	40.2448	286.521	-6433.22
1826	408	40.2655	286.758	-6433.16
1826	432	40.7288	287.578	-6433.35
1826	456	40.4913	287.086	-6434.82
1826	480	40.8769	285.988	-6441.29
1826	504	41.5887	285.556	-6441.29
1826	528	40.5618	285.964	-6441.29
1826	552	40.1073	286.112	-6441.29
1826	576	40.9826	285.825	-6441.29
1826	600	41.1884	284.832	-6441.29
1826	624	41.7859	284.439	-6441.29
1826	648	40.8626	285.376	-6441.29
1826	672	40.8424	285.781	-6441.29
1826	696	40.2168	286.666	-6441.29
1826	720	41.462	287.961	-6441.29
1826	744	43.3847	289.397	-6441.29
1826	768	44.1092	289.059	-6441.29
1834	24	22.0638	239.83	-6392.97
1834	48	21.287	237.967	-6393.35
1834	72	20.4735	236.854	-6393.97
1834	96	20.9505	237.778	-6392.45
1834	120	22.1382	236.624	-6393.89
1834	144	22.983	235.789	-6394.18
1834	168	24.9335	236.177	-6391.13
1834	192	25.8715	235.536	-6390.09
1834	216	24.5093	234.139	-6387.89
1834	240	24.5035	234.336	-6387.84
1834	264	25.1095	232.95	-6386.87
1834	288	24.9407	233.302	-6386.65
1834	312	26.3271	232.057	-6381.29
1834	336	29.8369	231.915	-6381.29
1834	360	31.3952	232.777	-6381.29
1834	384	31.7662	234.768	-6381.29
1834	408	33.0071	235.775	-6381.29
1834	432	33.0734	236.015	-6381.29
1834	456	33.1744	236.366	-6381.29
1834	480	35.9083	237.811	-6381.29
1834	504	39.1894	237.679	-6381.29
1834	528	41.54	237.59	-6381.29
1834	552	42.7827	238.536	-6381.29
1834	576	44.1001	238.251	-6381.29
1834	600	45.3594	238.879	-6385.62
1834	624	46.6169	239.549	-6388.01
1834	648	46.7651	239.037	-6388.91
1834	672	48.9713	240.242	-6389.2
1834	696	51.1957	241.783	-6391.21
1834	720	52.8284	244.73	-6391.36
1834	744	56.2761	246.538	-6390.52
1834	768	56.9817	246.589	-6391.59
1834	792	56.5434	246.846	-6392.73
1834	816	57.5065	247.684	-6393.82
1834	840	57.5729	247.723	-6394.08
1834	864	57.7593	246.992	-6395.04
1834	888	58.065	246.05	-6397.45
1834	912	56.9555	245.005	-6399.21
1834	936	57.3769	245.019	-6401.78
1834	960	58.0583	245.71	-6404.37
1839	24	19.2892	301.883	-6385.09
1839	48	17.4481	302.062	-6387.2
1839	72	18.3798	303.455	-6389.33
1839	96	16.6462	304.766	-6391.2
1839	120	16.5083	307.911	-6393.46
1839	144	16.9886	308.644	-6394.8
1839	168	14.7943	312.179	-6389.95
1839	192	14.9407	312.318	-6387.51
1839	216	15.4547	313.565	-6381.29
1839	240	13.7197	311.147	-6381.29
1839	264	13.4771	307.331	-6381.29
1839	288	11.7795	307.51	-6381.29
1839	312	12.2168	307.583	-6381.29
1839	336	14.5347	305.964	-6381.29
1839	360	17.6241	303.545	-6381.29
1839	384	18.6177	302.531	-6381.29
1839	408	20.5552	299.038	-6381.29
1839	432	21.3951	296.148	-6381.29
1839	456	25.069	292.78	-6381.29
1839	480	27.0582	293.402	-6381.29
1839	504	29.2381	293.521	-6381.29
1839	528	32.7193	292.845	-6381.29
1839	552	37.9377	293.059	-6381.29
1839	576	38.4793	293.607	-6381.29
1839	600	41.7453	292.454	-6381.29
1839	624	44.9741	293.462	-6381.29
1839	648	50.7762	295.512	-6381.29
1839	672	55.9086	295.886	-6381.29
1839	696	58.6909	296.372	-6381.29
1839	720	60.9592	297.765	-6381.29
1839	744	64.8237	300.212	-6381.29
1839	768	68.1435	300.537	-6381.29
1839	792	69.3304	303.443	-6381.29
1839	816	70.1994	304.238	-6381.29
1839	840	72.9648	305.768	-6385.86
1839	864	72.9918	306.659	-6387.88
1839	888	72.874	307.634	-6389.39
1839	912	73.3824	307.969	-6390.84
1839	936	77.428	310.597	-6391.8
1839	960	81.3796	312.845	-6390.86
1906	24	168.723	227.331	-6381.29
1906	48	169.079	226.75	-6381.29
1906	72	170.538	225.121	-6381.29
1906	96	169.638	223.894	-6381.29
1906	120	167.905	222.355	-6383.49
1906	144	166.959	220.925	-6384.72
1906	168	166.759	218.539	-6384.05
1906	192	167.004	215.987	-6381.29
1906	216	164.794	215.63	-6381.29
1906	240	164.191	216.559	-6381.29
1906	264	159.945	215.333	-6381.29
1906	288	158.601	215.263	-6381.29
1951	24	272.901	274.643	-6392.64
1951	48	274.789	274.891	-6394.05
1951	72	276.823	272.215	-6395.65
1951	96	278.175	270.098	-6395.38
1951	120	278.576	269.752	-6396.87
1951	144	279.655	269.359	-6398.4
1951	168	281.394	269.424	-6401.07
1951	192	282.654	268.152	-6401.24
1951	216	285.136	266.913	-6402.51
1951	240	285.601	267.928	-6406.26
1951	264	288.931	268.564	-6406.45
1951	288	288.605	269.496	-6408.31
1951	312	284.506	271.278	-6409.75
1951	336	280.547	271.564	-6409.8
1951	360	278.186	273.038	-6409.7
1951	384	277.046	274.73	-6410.19
1951	408	278.602	274.35	-6411.6
1951	432	277.212	275.597	-6411.71
1951	456	277.903	275.856	-6412.97
1951	480	279.149	275.771	-6413.73
1951	504	280.963	276.487	-6417.3
1951	528	283.851	276.843	-6418.9
1951	552	283.672	277.123	-6419.15
1951	576	284.851	276.343	-6419.39
1951	600	286.654	275.571	-6417.11
1951	624	287.567	273.548	-6417.43
1951	648	287.437	272.957	-6416.84
1951	672	288.331	272.149	-6414.6
1951	696	289.63	271.285	-6415.45
1951	720	288.341	272.647	-6415.45
1951	744	288.943	272.972	-6417.9
1951	768	289.244	274.033	-6417.37
1951	792	289.061	275.472	-6421.18
2016	24	349.844	213.238	-6382.73
2016	48	352.543	216.491	-6381.29
2016	72	352.442	218.302	-6381.29
2016	96	350.606	221.751	-6385.85
2016	120	349.418	222.786	-6382.37
2016	144	348.983	222.822	-6385.21
2016	168	349.792	226.052	-6390.97
2016	192	352.488	226.336	-6395.29
2016	216	352.701	226.775	-6396.97
2016	240	350.287	227.815	-6399.24
2016	264	347.363	226.938	-6401.34
2016	288	345.193	226.684	-6401.74
2016	312	343.79	226.109	-6404.18
2016	336	342.522	224.509	-6406.52
2016	360	343.448	223.191	-6408.52
2016	384	342.298	223.19	-6409.43
2016	408	341.034	222.991	-6411.56
2016	432	340.039	221.998	-6414.15
2016	456	339.821	221.299	-6415.21
2016	480	341.898	219.956	-6415.88
2016	504	344.844	218.98	-6417.14
2016	528	347.654	220.398	-6417.11
2016	552	351.561	222.07	-6415.53
2016	576	351.549	222.665	-6414.34
2016	600	353.379	223.2	-6413.66
2016	624	354.941	223.671	-6409.8
2016	648	356.806	222.69	-6410.39
2016	672	358.153	224.43	-6405.09
2016	696	359.286	226.61	-6405.44
2016	720	359.111	228.46	-6403.81
2016	744	356.857	230.031	-6403.95
2016	768	357.184	233.155	-6403.73
2016	792	357.042	235.407	-6401.5
2016	816	354.368	236.334	-6399.93
2016	840	354.236	237.139	-6400.29
2016	864	354.524	240.229	-6397.32
2016	888	354.433	240.419	-6395.93
2016	912	353.083	241.787	-6396.99
2016	936	351.757	240.981	-6395.38
2016	960	350.911	245.701	-6396.76
2057	24	3.78568	313.56	-6381.29
2057	48	4.3797	313.442	-6381.29
2057	72	4.73204	313.975	-6381.29
2057	96	4.99391	314.468	-6381.29
2057	120	5.87211	314.836	-6385.75
2057	144	7.03559	316.588	-6388.04
2057	168	6.95658	317.2	-6388.86
2057	192	4.8085	317.05	-6391.08
2057	216	2.584	318.06	-6392.73
2057	240	0.4	316.874	-6394.77
2057	264	0.4	315.846	-6395.02
2057	288	0.4	315.044	-6394.32
2057	312	0.4	314.462	-6396.14
2075	24	194.697	326.038	-6393.09
2075	48	195.333	326.529	-6395.02
2075	72	195.562	326.813	-6394.48
2075	96	194.551	328.411	-6393.5
2075	120	195.674	330.7	-6391.36
2075	144	197.646	330.896	-6390.92
2075	168	197.735	333.44	-6392.69
2075	192	197.048	335.037	-6395.72
2075	216	196.656	335.452	-6397.04
2075	240	199.038	336.465	-6395.39
2075	264	201.013	335.698	-6394.16
2075	288	202.155	334.783	-6394.2
2077	24	176.187	357.221	-6389.12
2077	48	176.882	355.258	-6389.1
2077	72	178.661	355.933	-6386.89
2077	96	178.983	355.478	-6386.97
2077	120	179.078	355.511	-6388.97
2077	144	179.745	355.153	-6390.91
2077	168	181.189	354.739	-6389.15
2077	192	182.288	355.552	-6389.31
2077	216	183.694	357.472	-6389.59
2077	240	185.368	357.911	-6389.6
2077	264	184.465	357.146	-6387.4
2077	288	186.233	356.67	-6385.58
2077	312	189.445	355.068	-6383.38
2077	336	188.185	356.361	-6381.29
2077	360	187.864	355.014	-6381.29
2077	384	185.914	354.887	-6381.29
2077	408	186.522	355.461	-6381.29
2077	432	186.169	356.554	-6381.29
2077	456	188.665	358.15	-6386.08
2077	480	190.318	358.406	-6387.65
2077	504	191.643	359.321	-6388.17
2077	528	192.739	357.869	-6387.04
2077	552	192.963	356.454	-6387.97
2077	576	193.966	357.089	-6389.55
2077	600	196.151	357.569	-6390.23
2077	624	195.976	356.356	-6391.75
2077	648	194.548	357.184	-6392.16
2077	672	195.338	358.167	-6391.22
2077	696	195.748	359.411	-6391.68
2077	720	195.483	359.26	-6391.04
2077	744	195.487	359.537	-6391.52
2077	768	196.527	359.868	-6391.57
2077	792	197.276	360.081	-6389.7
2077	816	197.714	359.36	-6390.81
2077	840	197.29	360.059	-6392.83
2077	864	198.502	358.896	-6393.75
2077	888	199.063	359.706	-6396.06
2077	912	199.812	360.923	-6395.93
2077	936	199.278	360.326	-6396.45
2077	960	199.487	360.117	-6397.84
2078	24	139.9	312.632	-6386.95
2078	48	139.658	311.449	-6387.34
2078	72	137.754	311.433	-6387.52
2078	96	139.086	310.467	-6388.79
2078	120	139.607	310.781	-6389.28
2078	144	141.914	309.267	-6392.93
2078	168	141.971	308.993	-6392.79
2078	192	141.229	308.488	-6394.77
2078	216	142.967	309.779	-6393.45
2078	240	145.158	307.285	-6394.75
2078	264	146.244	307.824	-6394.37
2078	288	146.234	307.39	-6393.97
2078	312	146.867	306.726	-6394.61
2078	336	148.524	306.462	-6395.18
2078	360	148.466	306.772	-6395.29
2078	384	146.718	305.814	-6394.49
2078	408	146.842	304.082	-6396.64
2078	432	148.086	301.476	-6398.53
2078	456	150.113	301.053	-6398.66
2078	480	152.713	299.657	-6399.36
2078	504	152.977	298.589	-6399.23
2078	528	153.182	298.75	-6399.08
2078	552	152.999	300.404	-6399.88
2078	576	153.6	301.395	-6403.03
2078	600	154.176	301.672	-6404.37
2078	624	154.325	302.723	-6404.42
2078	648	154.742	303.179	-6404.16
2078	672	155.444	302.196	-6404.51
2078	696	155.485	301.711	-6405.14
2078	720	157.301	301.178	-6405.86
2078	744	158.544	300.552	-6404.52
2078	768	158.595	300.11	-6402.46
2078	792	159.021	298.863	-6401.48
2078	816	159.568	298.791	-6400.15
2078	840	158.936	298.693	-6398.62
2078	864	159.861	298.647	-6398.55
2078	888	159.239	297.115	-6398.78
2078	912	160.243	295.591	-6399
2078	936	160.078	296.994	-6397.74
2078	960	159.848	298.584	-6398.43
3176	48	152.496	323.834	-6441.29
3176	72	152.186	322.591	-6441.29
3176	96	148.874	322.853	-6441.29
3176	120	148.256	318.96	-6441.29
3176	144	147.138	318.175	-6441.29
3176	168	143.606	318.49	-6441.29
3176	192	141.004	315.785	-6441.29
3176	216	139.028	314.421	-6441.29
3176	240	138.659	313.563	-6441.29
3176	264	138.294	311.479	-6441.29
3176	288	136.633	311.545	-6441.29
3176	312	133.319	312.612	-6441.29
3176	336	128.845	313.288	-6441.29
3176	360	127.785	312.812	-6441.29
3176	384	127.449	311.539	-6441.29
3176	408	125.677	310.277	-6441.29
3176	432	123.451	309.765	-6441.29
3176	456	120.991	309.88	-6441.29
3176	480	117.765	309.224	-6441.29
3176	504	114.447	306.388	-6441.29
3176	528	114.049	305.045	-6441.29
3176	552	113.167	305.93	-6441.29
3176	576	109.716	306.555	-6441.29
3176	600	108.897	303.647	-6441.29
3176	624	109.662	301.234	-6441.29
3176	648	110.104	301.87	-6441.29
3176	672	110.952	298.217	-6441.29
3176	696	111.871	295.782	-6441.29
3176	720	111.769	294.774	-6441.29
3176	744	109.587	294.274	-6441.29
3176	768	109.509	293.863	-6441.29
3176	792	110.264	290.927	-6441.29
3176	816	110.604	288.063	-6441.29
3176	840	109.391	284.901	-6441.29
3176	864	107.837	284.53	-6441.29
3176	888	105.82	282.912	-6441.29
3176	912	103.79	283.231	-6441.29
3176	936	102.441	284.459	-6441.29
3176	960	102.302	285.386	-6434.21
85452	72	101.358	366.156	-6425.44
85452	96	99.7365	364.897	-6425.26
85452	120	98.8002	366.464	-6425.28
85452	144	98.7499	365.017	-6427.06
85452	168	97.9183	364.286	-6430.15
85452	192	97.8962	365.561	-6429.79
85452	216	98.0149	362.79	-6425.94
85452	240	98.3643	360.704	-6425.4
85452	264	96.0014	359.024	-6424.95
85452	288	97.9419	361.739	-6421.01
85452	312	95.4565	358.616	-6424.43
85452	336	95.0461	356.772	-6424.21
85452	360	97.2189	357.25	-6423.31
85452	384	100.189	355.798	-6423.04
85452	408	101.842	353.294	-6421.94
85452	432	103.465	350.764	-6423.56
85452	456	101.726	349.142	-6422.38
85452	480	98.8955	349.785	-6424.32
85452	504	93.3914	348.26	-6423.17
85452	528	92.1817	346.905	-6425.28
85601	120	177.839	220.302	-6408.77
85601	144	180.267	222.249	-6406.79
85601	168	183.274	223.507	-6406.63
85601	192	184.306	224.204	-6407.65
85601	216	186.006	224.279	-6408
85601	240	187.499	225.175	-6410.07
85601	264	187.753	225.021	-6414.19
85603	120	187.707	239.017	-6381.29
85603	144	187.64	237.583	-6381.29
85603	168	189.761	238.042	-6381.29
85603	192	193.685	240.059	-6381.29
85603	216	196.867	240.533	-6385.81
85603	240	197.226	241.302	-6385.46
85603	264	199.21	239.715	-6389.52
85603	288	200.202	239.957	-6390.75
85603	312	201.194	240.007	-6391.81
85603	336	201.649	238.36	-6395.7
85603	360	204.179	235.797	-6396.69
85603	384	204.897	234.385	-6397.73
85603	408	205.074	232.588	-6396.76
85603	432	203.356	232.24	-6396.94
85603	456	202.788	229.487	-6395.54
85603	480	200.972	227.63	-6397.74
85603	504	200.979	226.679	-6400.33
85603	528	202.834	226.126	-6402.63
85603	552	204.675	226.813	-6403.93
85603	576	204.325	224.9	-6404.72
85603	600	203.456	222.698	-6405.38
85603	624	204.979	222.232	-6407.18
85603	648	206.001	221.776	-6410.97
85603	672	203.913	220.014	-6413.32
85603	696	203.21	218.742	-6414.95
85603	720	203.4	214.814	-6416.34
85603	744	204.078	212.627	-6415.6
85603	768	206.222	208.561	-6415.88
85603	792	204.417	205.861	-6415.84
85603	816	202.615	204.511	-6416.28
85603	840	198.696	202.033	-6418.83
85603	864	195.695	200.685	-6420.57
85603	888	193.717	198.991	-6422.07
85603	912	190.474	198.558	-6421.33
85603	936	189.023	198.168	-6419.44
85603	960	188.519	197.737	-6418.53
85668	144	154.932	222.812	-6381.29
85668	168	154.184	220.911	-6381.29
85668	192	150.076	219.763	-6381.29
85668	216	147.623	218.769	-6381.29
85668	240	144.931	215.879	-6381.29
85668	264	143.147	216.393	-6381.29
85668	288	143.815	215.632	-6381.29
85668	312	143.642	214.243	-6381.29
85668	336	141.731	214.53	-6381.29
85668	360	141.359	214.172	-6381.29
85668	384	139.088	214.828	-6381.29
85668	408	138.136	213.94	-6381.29
85668	432	138.086	215.14	-6381.29
85668	456	139.552	214.666	-6381.29
85668	480	138.618	217.303	-6381.29
85668	504	138.618	218.898	-6381.29
85668	528	137.99	221.364	-6381.29
85668	552	138.165	220.01	-6381.29
85668	576	139.401	221.821	-6381.29
85668	600	137.798	224.993	-6381.29
85668	624	139.017	227.14	-6381.29
85668	648	136.852	230.653	-6381.29
85668	672	136.336	230.699	-6381.29
85668	696	134.789	234.987	-6381.29
85668	720	132.888	237.987	-6381.29
85668	744	132.451	238.864	-6381.29
85668	768	131.479	240.632	-6381.29
85668	792	129.962	242.137	-6381.29
85668	816	130.276	242.952	-6381.29
85668	840	128.09	242.886	-6385.66
85668	864	128.956	242.971	-6385.92
85668	888	129.399	242.525	-6389.43
85668	912	131.139	241.791	-6394.83
85668	936	130.452	241.773	-6397.44
85668	960	130.333	243.115	-6400.75
85778	192	0.4	391.207	-6411.15
85778	216	0.4	391.861	-6411.4
85778	240	0.4	391.583	-6411.18
85778	264	0.4	392.626	-6409.92
85778	288	0.4	394.427	-6410.52
85778	312	0.4	394.139	-6408.62
85778	336	0.4	393.31	-6407.47
85778	360	0.4	393.82	-6407.45
85778	384	0.4	393.382	-6409.39
85778	408	0.4	393.252	-6411.29
85778	432	0.4	392.92	-6410.49
85778	456	0.4	393.995	-6408.43
85778	480	0.4	393.585	-6408.89
85778	504	0.4	392.479	-6411.89
85778	528	0.4	392.046	-6411.92
85778	552	0.4	390.286	-6410.66
85778	576	0.4	389.075	-6409.29
85778	600	0.4	388.768	-6407.31
85778	624	0.4	388.524	-6406.78
85778	648	0.4	387.769	-6406.96
85778	672	0.4	387.679	-6407.29
85778	696	0.4	387.461	-6407.03
85778	720	1.97504	387.747	-6409.45
85778	744	3.18962	387.588	-6410.08
85778	768	5.7493	387.668	-6408.9
85778	816	1.39323	386.129	-6409.84
85778	840	0.4	385.647	-6410.14
85778	864	0.4	385.463	-6410.52
85867	216	166.585	233.089	-6381.29
85867	240	165.751	232.551	-6381.29
85867	264	166.284	232.468	-6381.29
85867	288	166.005	232.062	-6381.29
85867	312	164.448	233.479	-6385.67
85867	336	162.215	235.448	-6381.29
85867	360	160.922	237.195	-6381.29
85867	384	159.612	239.465	-6381.29
85867	408	158.049	239.026	-6381.29
85867	432	154.447	239.029	-6382.61
85867	456	152.699	239.272	-6381.29
85867	480	150.849	240.002	-6381.29
85867	504	149.454	237.182	-6381.29
85867	528	150.039	235.087	-6381.29
85867	552	149.811	232.346	-6381.29
85867	576	150.903	227.378	-6381.29
85867	600	151.034	225.361	-6381.29
85867	624	152.417	223.214	-6381.29
85867	648	155.242	222.505	-6381.29
85867	672	160.218	222.032	-6381.29
85867	696	161.406	220.923	-6381.29
85867	720	163.199	221.33	-6381.29
85867	744	164.657	220.143	-6381.29
85867	768	165.531	221.216	-6381.29
85867	792	164.513	221.225	-6381.29
85867	816	167.271	219.231	-6381.29
85867	840	169.08	218.962	-6381.29
85867	864	169.877	218.682	-6381.29
85867	888	170.375	217.406	-6381.29
85867	912	169.447	216.983	-6381.29
85867	936	169.785	216.174	-6381.29
85867	960	170.439	214.928	-6381.29
85978	264	150.418	377.687	-6433.21
85978	288	150.908	379.708	-6431.29
85978	312	152.101	380.366	-6431.23
85978	336	152.657	381.162	-6429.26
85978	360	153.189	381.106	-6429.73
85978	384	153.288	381.132	-6429.56
85978	408	153.432	381.581	-6430.6
85978	432	153.487	381.812	-6431.08
85978	456	153.435	381.656	-6430.96
85978	480	153.761	381.455	-6431.41
85978	504	154.798	381.376	-6431.95
85978	528	158.006	379.375	-6430.93
85978	552	160.053	377.871	-6433.82
85978	576	160.739	377.876	-6433.36
85978	600	161.487	378.849	-6434.94
85978	624	162.231	380.303	-6438
85978	648	164.689	384.117	-6435
85978	672	166.52	385.057	-6434.75
85978	696	167.048	384.042	-6435.63
85978	720	169.304	385.912	-6437.15
85978	744	170.784	387.21	-6435.56
85978	768	171.034	388.134	-6438.47
85978	792	173.99	388.494	-6435.62
85978	816	174.322	388.256	-6437.76
85978	840	174.46	388.109	-6436.98
85978	864	175.66	387.361	-6441.29
85978	888	176.272	388.225	-6441.29
85978	912	176.73	389.04	-6441.29
85978	936	176.309	391.091	-6441.29
85978	960	176.932	390.866	-6441.29
86003	264	26.4624	343.102	-6399.63
86003	288	26.3919	342.921	-6399.91
86003	312	29.0273	342.495	-6395.71
86003	336	29.648	341.999	-6393.23
86003	360	30.8087	343.133	-6391.83
86003	384	31.7865	343.87	-6390.76
86003	408	31.5697	343.048	-6389.54
86003	432	31.9331	341.202	-6387.17
86003	456	32.8619	340.89	-6386.81
86054	288	60.1775	201.852	-6399.09
86054	312	59.6161	200.738	-6399.17
86054	336	58.7634	199.991	-6400.19
86054	360	60.437	200.593	-6400
86054	384	61.7451	200.353	-6402.17
86054	408	62.1945	200.987	-6405.48
86054	432	62.9162	201.403	-6407.11
86054	456	63.1046	201.937	-6406.77
86054	480	62.1947	202.609	-6407.44
86054	504	62.2654	202.175	-6408.65
86054	528	61.6527	202.652	-6407.47
86054	552	61.1829	203.705	-6407.98
86054	576	61.3909	204.098	-6406.52
86054	600	62.0058	203.983	-6408.08
86054	624	61.5941	203.565	-6408.75
86054	648	58.7308	206.666	-6408.45
86054	672	58.3373	207.415	-6409.4
86054	696	57.1141	208.52	-6405.19
86054	720	55.6581	207.856	-6408.71
86054	744	54.685	208.15	-6408.18
86054	768	52.767	207.053	-6411.68
86054	792	52.9902	208.16	-6414.48
86054	816	53.1717	208.08	-6415.3
86054	840	52.4427	208.153	-6415.17
86054	864	51.3183	209.48	-6417.65
86054	888	51.6006	210.691	-6418.05
86054	912	51.7052	210.757	-6418.55
86054	936	51.8307	210.339	-6419.59
86054	960	52.8638	209.923	-6422.66
86074	288	207.802	338.484	-6398.78
86074	312	202.865	337.063	-6399.58
86074	336	202.735	336.58	-6398.2
86074	360	203.655	334.124	-6393.19
86074	384	205.949	332.813	-6392.77
86074	408	207.132	332.417	-6392.19
86074	432	205.898	330.762	-6393.68
86074	456	205.713	329.297	-6392.28
86074	480	205.001	326.951	-6392.32
86074	504	205.244	327.109	-6391.89
86074	528	203.453	324.831	-6391.6
86074	552	202.765	324.836	-6389.99
86074	576	201.841	323.949	-6389.58
86074	600	201.132	322.976	-6386.86
86074	624	200.487	321.102	-6386.59
86074	648	200.208	320.574	-6386.03
86074	672	201.602	320.591	-6381.29
86074	696	200.043	321.649	-6381.29
86074	720	200.529	320.449	-6382.52
86074	744	200.853	322.185	-6381.29
86074	768	201.743	322.172	-6381.29
86074	792	197.43	322.074	-6381.29
86074	816	194.287	321.155	-6381.29
86074	840	195.486	323.008	-6381.29
86074	864	195.615	321.921	-6381.29
86074	888	196.948	321.37	-6381.29
86074	912	198.049	321.938	-6381.29
86074	936	197.895	323.296	-6381.29
86074	960	198.374	325.986	-6381.29
86164	336	185.372	230.731	-6419.47
86164	360	182.354	228.17	-6421.11
86164	384	180.849	226.825	-6420.17
86164	408	180.73	224.426	-6420.9
86164	432	178.659	222.054	-6422.29
86164	456	176.147	219.674	-6420.53
86164	480	175.669	216.916	-6421.07
86164	504	173.24	215.903	-6418.86
86164	528	172.666	214.287	-6416.22
86164	552	171.729	212.078	-6413.5
86164	576	173.45	209.993	-6413.73
86164	600	174.615	210.938	-6414.93
86164	624	179.846	211.703	-6410.91
86164	648	181.385	210.648	-6412.53
86164	672	183.489	211.028	-6413.62
86164	696	188.032	212.484	-6414.48
86164	720	189.834	215.074	-6417.78
86164	744	190.144	216.382	-6418.95
86164	768	190.556	218.83	-6420.85
86164	792	190.823	220.684	-6424.2
86164	816	190.534	222.642	-6426.44
86164	840	189.141	222.474	-6427.81
86164	864	189.699	220.599	-6430.58
86164	888	192.738	218.348	-6433.36
86164	912	192.493	218.783	-6435.7
86194	336	186.478	409.2	-6407.08
86194	360	185.585	409.2	-6405.91
86194	384	186.06	409.2	-6405.39
86194	408	187.152	405.203	-6404.99
86194	432	188.272	400.472	-6403.56
86194	456	187.705	400.258	-6402.5
86194	480	188.613	400.145	-6400.76
86194	504	191.561	400.361	-6399.55
86194	528	192.969	401.72	-6399.06
86194	552	194.164	402.136	-6397.15
86203	360	326.885	32.102	-6410.58
86203	384	324.828	32.3925	-6411.17
86203	408	322.623	32.6636	-6409.02
86203	432	322.187	31.4588	-6412.37
86203	456	321.549	31.9847	-6412.21
86203	480	321.415	32.4037	-6411.64
86203	504	323.158	32.951	-6410.38
86203	528	324.036	33.4903	-6409.2
86203	552	323.727	35.1125	-6407
86203	576	323.01	36.6489	-6406.18
86203	600	324.305	35.4231	-6406.81
86203	624	325.337	35.3002	-6405.16
86203	648	325.854	35.5673	-6404.76
86203	672	325.446	34.965	-6405.06
86203	696	325.054	35.5883	-6403.93
86217	360	257.764	127.447	-6415.69
86217	384	258.145	126.918	-6415.89
86217	408	260.35	128.236	-6412.32
86217	432	261.071	128.287	-6411.68
86217	456	261.97	127.359	-6412.44
86217	480	265.422	125.334	-6411.44
86217	504	267.779	124.21	-6405.84
86217	528	267.527	123.711	-6406.39
86217	552	267.084	123.479	-6404.97
86217	576	269.352	121.835	-6403.4
86218	360	40.9986	221.187	-6436.57
86218	384	42.5539	219.243	-6433.62
86218	408	43.344	216.57	-6431.74
86218	432	44.1932	215.255	-6430.86
86218	456	43.5475	214.169	-6430.37
86218	480	42.4799	213.257	-6428.54
86218	504	41.4432	214.208	-6423.98
86218	528	40.6782	213.69	-6423
86218	552	38.7574	214.495	-6421
86218	576	38.0613	214.796	-6423.7
86218	600	36.5986	215.824	-6421.77
86218	624	34.0787	215.039	-6420.82
86218	648	32.7173	216.342	-6419.9
86218	672	32.0939	215.826	-6419.87
86218	696	29.2912	215.833	-6420.03
86218	720	27.5716	214.694	-6421.58
86218	744	26.0444	214.358	-6422.58
86218	768	24.636	214.167	-6425.12
86218	792	24.5907	214.736	-6425.81
86218	816	23.5597	214.492	-6426.54
86218	840	21.6789	215.035	-6425.73
86218	864	19.478	212.964	-6425.38
86218	888	17.4024	210.122	-6426.57
86218	912	14.5904	209.04	-6426.29
86218	936	10.9759	208.223	-6426.72
86218	960	8.07748	207.843	-6427.76
86256	360	202.354	338.081	-6407.19
86256	384	202.418	338.928	-6411.64
86256	408	201.657	339.116	-6413.77
86256	432	202.435	337.987	-6416.17
86256	456	204.879	339.063	-6420.65
86256	480	207.412	339.296	-6422.35
86256	504	208.614	339.825	-6425.74
86256	528	208.967	340.639	-6428.38
86256	552	208.959	342.769	-6428.78
86256	576	209.796	344.377	-6430.75
86256	600	211.135	346.291	-6433.9
86256	624	210.242	348.647	-6434.09
86256	648	211.411	350.622	-6434.67
86256	672	214.931	353.076	-6433.67
86256	696	217.466	353.629	-6432.64
86256	720	217.06	356.313	-6431.08
86256	744	216.428	360.478	-6433.21
86256	768	216.361	362.583	-6434.62
86256	792	217.297	361.213	-6438.44
86256	816	217.908	361.262	-6440.12
86256	840	217.535	359.946	-6441.29
86256	864	218.293	361.285	-6441.29
86256	888	218.983	360.061	-6441.29
86256	912	219.976	359.249	-6441.29
86256	936	217.821	357.531	-6441.29
86392	432	140.158	1.92224	-6422.84
86392	456	138.985	2.69279	-6422.87
86392	480	138.908	4.27047	-6424.2
86392	504	139.572	4.64041	-6423.16
86392	528	141.484	5.37657	-6422.4
86392	552	143.711	7.62398	-6423.06
86392	576	145.511	6.88195	-6424.75
86392	600	146.144	5.67255	-6425.95
86392	624	149.858	4.45578	-6425.84
86392	648	152.954	3.88966	-6425.79
86392	672	155.395	2.73859	-6423.89
86392	696	158.202	1.88048	-6425.1
86392	720	162.097	2.9305	-6426.79
86392	744	163.519	2.84396	-6427.35
86392	768	167.181	2.53005	-6423.44
86392	792	166.231	2.38095	-6426.2
86451	432	140.423	309.798	-6388.27
86451	456	138.576	310.243	-6381.29
86451	480	136.564	309.293	-6381.29
86451	504	134.759	309.903	-6381.29
86451	528	133.722	308.246	-6381.29
86451	552	132.079	308.917	-6381.29
86451	576	130.554	309.973	-6381.29
86451	600	127.195	309.371	-6381.29
86451	624	126.6	307.754	-6381.29
86451	648	126	306.633	-6381.29
86451	672	124.403	305.286	-6385.02
86451	696	122.802	304.06	-6385.05
86451	720	120.604	305.137	-6386.72
86451	744	118.594	307.289	-6384.94
86451	768	114.889	308.565	-6387.29
86451	792	112.017	308.449	-6385.33
86451	816	109.818	308.447	-6384.93
86451	840	105.252	307.13	-6383.18
86451	864	103.77	307.796	-6386.53
86451	888	102.551	309.984	-6381.29
86451	912	99.9432	310.232	-6388.91
86451	936	99.1898	310.891	-6389.87
86451	960	98.0193	312.082	-6393.44
86479	456	49.9629	236.662	-6417.35
86479	480	52.5914	236.501	-6416.06
86479	504	53.7933	235.623	-6417.44
86479	528	55.5832	235.218	-6415.27
86479	552	55.8435	234.481	-6414.92
86479	576	56.9713	231.322	-6413.44
86479	600	58.1875	232.892	-6412.19
86479	624	59.1114	233.027	-6412.92
86479	648	59.2481	232.65	-6411.34
86479	672	59.2092	230.75	-6411.11
86479	696	60.9235	230.64	-6408.11
86479	720	63.4133	231.813	-6409.6
86479	744	64.772	232.313	-6411.57
86479	768	64.6661	232.082	-6411.12
86479	792	65.114	232.357	-6411.05
86479	816	66.213	231.954	-6413.26
86479	840	66.8018	230.075	-6412.42
86479	864	67.8154	229.302	-6414.2
86479	888	67.9536	229.17	-6415.44
86479	912	66.2233	228.816	-6415.62
86479	936	63.7448	227.803	-6417.24
86479	960	60.505	226.114	-6418.11
86581	480	7.48308	376.223	-6381.29
86581	504	5.43628	377.714	-6381.29
86581	528	4.37373	377.911	-6384.6
86581	552	4.7398	377.77	-6387.44
86581	576	4.57956	377.24	-6388.47
86581	600	6.85702	377.48	-6389.21
86581	624	8.08331	377.803	-6388.63
86581	648	10.8887	378.993	-6388.17
86581	672	14.5909	380.231	-6391.52
86581	696	14.8654	380.645	-6395.35
86581	720	16.8907	382.732	-6397.07
86581	744	16.6599	383.178	-6400.1
86581	768	14.2462	384.56	-6401.47
86581	792	10.5735	385.898	-6404.99
86581	816	11.465	384.972	-6405.76
86581	840	10.4883	383.922	-6407.57
86581	864	8.98057	382.766	-6408.38
86581	888	5.66021	384.245	-6409.13
86581	912	4.89483	385.133	-6408.32
86581	936	5.12294	384.594	-6405.61
86581	960	4.69677	385.064	-6404.13
86598	504	147.336	140.624	-6441.29
86598	528	147.978	140.442	-6441.29
86598	552	148.306	139.607	-6441.29
86598	576	147.46	139.644	-6441.29
86598	600	147.665	140.366	-6441.29
86598	624	147.515	139.908	-6441.29
86598	648	148.235	139.312	-6441.29
86598	672	148.602	140.273	-6441.29
86598	696	147.581	140.677	-6441.29
86598	720	147.965	140.68	-6441.29
86598	744	147.594	141.123	-6441.29
86598	768	148.21	141.17	-6441.29
86598	792	147.34	140.983	-6441.29
86598	816	147.86	141.383	-6441.29
86598	840	148.22	139.982	-6441.29
86598	864	148.429	140.126	-6441.29
86598	888	148.778	141.469	-6441.29
86598	912	146.216	141.709	-6441.29
86598	936	146.928	141.406	-6441.29
86598	960	146.872	140.872	-6441.29
86640	504	150.093	190.263	-6381.29
86640	528	150.015	193.125	-6381.29
86640	552	149.579	193.539	-6381.29
86640	576	150.326	193.566	-6381.29
86640	600	146.904	196.168	-6381.29
86640	624	145.113	197.412	-6381.29
86640	648	145.142	198.814	-6381.29
86640	672	143.107	199.402	-6382.88
86642	504	57.8048	224.905	-6388.41
86642	528	57.8996	225.051	-6389.4
86642	552	57.6088	226.145	-6384.53
86642	576	56.554	226.23	-6388.95
86642	600	55.9913	226.985	-6388.22
86642	624	57.2947	227.171	-6389.42
86642	648	57.7282	229.069	-6387.31
86642	672	57.2472	230.553	-6386.35
86642	696	57.1722	230.159	-6386.58
86642	720	57.6531	230.733	-6381.29
86642	744	56.2759	231.956	-6381.29
86642	768	55.4639	232.37	-6381.29
86642	792	55.5309	232.132	-6381.29
86642	816	57.2916	231.503	-6381.29
86642	840	57.6286	230.895	-6381.29
86642	864	57.6279	229.738	-6381.29
86642	888	56.9487	229.436	-6381.29
86642	912	56.4298	227.856	-6381.29
86709	528	148.019	204.594	-6381.29
86709	552	150.533	205.258	-6381.29
86709	576	153.115	207.042	-6381.29
86709	600	152.769	207.253	-6381.29
86709	624	151.88	207.673	-6381.29
86709	648	152.273	208.152	-6381.29
86709	672	154.043	209.027	-6386.04
86709	696	155.422	206.504	-6387.99
86709	720	156.356	204.184	-6389.6
86709	744	157.823	203.29	-6388.06
86709	768	161.536	202.847	-6389.55
86709	792	164.751	204.35	-6390.02
86709	816	166.571	206.708	-6391.2
86709	840	168.335	208.883	-6390.87
86709	864	168.141	209.694	-6392.03
86709	888	169.182	209.171	-6392.15
86709	912	169.98	209.56	-6391.87
86711	528	209.415	174.841	-6381.29
86711	552	209.592	175.125	-6381.29
86711	576	208.671	174.165	-6381.29
86711	600	208.934	172.293	-6384.24
86711	624	209.51	172.574	-6387.12
86711	648	209.357	172.535	-6387.92
86711	672	211.691	170.632	-6390.19
86711	696	212.07	170.686	-6391.56
86711	720	213.751	173.025	-6393.04
86711	744	214.032	174.625	-6393.73
86711	768	213.893	174.761	-6392.79
86711	792	214.51	175.042	-6394.51
86711	816	213.222	175.399	-6395.85
86711	840	213.897	177.125	-6397.46
86711	864	214.616	178.194	-6400.51
86711	888	215.721	179.339	-6402.09
86711	912	216.698	177.769	-6402.5
86711	936	216.294	177.27	-6405.17
86711	960	214.034	174.854	-6407.31
86839	576	46.0009	195.65	-6404.98
86839	600	47.7218	194.382	-6406.95
86839	624	51.8656	192.869	-6405.72
86839	648	53.2874	191.687	-6403.25
86839	672	52.474	192.272	-6401.81
86839	696	49.0315	192.376	-6401.09
86839	720	47.1088	192.464	-6399.74
86959	624	59.4818	375.819	-6421.62
86959	648	58.6496	373.367	-6423.85
86959	672	57.2087	371.661	-6425.03
86959	696	56.0507	369.584	-6426.87
86959	720	53.3407	369.276	-6427.39
86959	744	52.0263	368.612	-6427.73
86959	768	51.2379	367.848	-6429.45
86959	792	47.5199	363.587	-6422.93
86959	816	45.9474	363.108	-6421.49
86959	840	43.5517	362.515	-6423.56
86959	864	40.8361	361.296	-6424.3
86959	888	39.0692	361.073	-6423.85
86959	912	37.759	361.604	-6423.73
86959	936	37.8821	364.075	-6423.44
86959	960	36.5042	366.24	-6423.23
87051	648	196.234	404.56	-6393.07
87051	672	196.395	405.902	-6392.46
87051	696	195.934	405.448	-6392.11
87051	720	192.67	409.2	-6391.1
87051	744	192.49	409.2	-6390.5
87051	768	191.019	409.2	-6389.85
87051	792	192.116	409.2	-6390.46
87122	696	70.0566	34.9745	-6412.76
87122	720	69.7964	36.2541	-6414.05
87122	744	69.3383	38.681	-6411.34
87122	768	70.5998	40.4592	-6406.48
87122	792	69.2894	43.1836	-6403.96
87122	816	68.3215	43.3348	-6403.22
87122	840	71.0426	45.1969	-6400.04
87122	864	74.1466	46.5287	-6397.59
87122	888	76.4035	44.5775	-6394.78
87122	912	75.3358	48.1849	-6391.86
87122	936	75.4721	48.8189	-6392.65
87248	720	13.38	400.338	-6381.29
87248	744	14.1511	401.255	-6381.29
87248	768	15.0215	401.943	-6381.29
87248	792	16.3399	401.417	-6384.42
87248	816	19.0059	398.639	-6387.52
87248	840	19.9984	397.984	-6387.13
87248	864	20.3372	396.919	-6386.9
87248	888	20.1218	394.568	-6387.55
87248	912	20.1663	391.102	-6386.8
87248	936	19.6219	387.469	-6384.13
87248	960	19.3862	387.085	-6384.92
87357	768	325.595	37.9245	-6402.85
87357	792	325.514	37.1628	-6402.58
87357	816	325.069	37.2277	-6402.85
87357	840	325.02	37.2016	-6402.92
87357	864	326.417	35.6084	-6403.7
87357	888	327.555	34.8687	-6404.78
87357	912	327.886	34.625	-6404.72
87357	936	330.188	34.1166	-6405.51
87357	960	330.742	34.59	-6405.72
87399	792	38.8469	229.445	-6432.67
87399	816	42.0414	230.185	-6432.57
87399	840	45.8754	230.407	-6441.29
87399	864	48.9604	232.989	-6439.61
87399	888	50.2132	234.037	-6441.29
87399	912	51.5757	236.106	-6441.29
87399	936	52.7411	236.975	-6441.29
87399	960	54.2512	236.548	-6441.29
87418	792	21.5057	44.0438	-6408.65
87418	816	22.435	42.9569	-6407.53
87418	840	27.2963	42.7103	-6409.51
87418	864	30.4936	40.7699	-6410.67
87418	888	32.434	39.0954	-6410.36
87418	912	35.0541	38.662	-6411.73
87418	936	36.2357	38.5526	-6412.43
87418	960	39.5591	38.9514	-6412.33
87422	792	156.683	8.92245	-6397.15
87422	816	156.528	8.5475	-6400.71
87422	840	155.773	8.8968	-6403.2
87422	864	156.868	11.1115	-6405.02
87422	888	157.36	12.5082	-6406.1
87422	912	156.303	11.6441	-6408.84
87422	936	157.392	12.9394	-6408.12
87422	960	157.151	14.6848	-6409.76
87434	792	0.4	211.225	-6405.9
87434	816	2.41477	211.412	-6405.84
87434	840	5.38175	209.586	-6406.89
87434	864	5.98989	209.134	-6408.19
87434	888	7.82703	209.076	-6409.36
87434	912	11.3173	209.405	-6412.2
87434	960	15.7917	209.118	-6408.78
